Date,Libor_USD
3/25/2020,0.9591
3/24/2020,0.9249
3/23/2020,0.9466
3/20/2020,0.9285
3/19/2020,0.9236
3/18/2020,0.7729
3/17/2020,0.75
3/16/2020,0.6116
3/13/2020,0.8001
3/12/2020,0.7046
3/11/2020,0.7966
3/10/2020,0.8114
3/9/2020,0.7249
3/6/2020,0.8626
3/5/2020,1.0051
3/4/2020,1.0163
3/3/2020,1.3767
3/2/2020,1.3558
2/28/2020,1.5152
2/27/2020,1.5811
2/26/2020,1.6034
2/25/2020,1.6126
2/24/2020,1.6161
2/21/2020,1.6267
2/20/2020,1.6289
2/19/2020,1.6394
2/18/2020,1.647
2/17/2020,1.6467
2/14/2020,1.6583
2/13/2020,1.6585
2/12/2020,1.6501
2/11/2020,1.6527
2/10/2020,1.6579
2/7/2020,1.6652
2/6/2020,1.6709
2/5/2020,1.6696
2/4/2020,1.6663
2/3/2020,1.6678
1/31/2020,1.6619
1/30/2020,1.655
1/29/2020,1.6453
1/28/2020,1.65
1/27/2020,1.6493
1/24/2020,1.6595
1/23/2020,1.6609
1/22/2020,1.6594
1/21/2020,1.6595
1/20/2020,1.6534
1/17/2020,1.6544
1/16/2020,1.6578
1/15/2020,1.669
1/14/2020,1.6696
1/13/2020,1.6763
1/10/2020,1.6766
1/9/2020,1.6836
1/8/2020,1.6771
1/7/2020,1.699
1/6/2020,1.6921
1/3/2020,1.7143
1/2/2020,1.7344
12/31/2019,1.7625
12/30/2019,1.7809
12/27/2019,1.7994
12/24/2019,1.8048
12/23/2019,1.792
12/20/2019,1.7799
12/19/2019,1.7851
12/18/2019,1.7646
12/17/2019,1.7639
12/16/2019,1.7449
12/13/2019,1.7374
12/12/2019,1.7397
12/11/2019,1.7405
12/10/2019,1.7356
12/9/2019,1.7176
12/6/2019,1.7151
12/5/2019,1.7101
12/4/2019,1.7131
12/3/2019,1.7036
12/2/2019,1.6938
11/29/2019,1.6971
11/28/2019,1.7085
11/27/2019,1.6911
11/26/2019,1.7016
11/25/2019,1.6995
11/22/2019,1.7027
11/21/2019,1.708
11/20/2019,1.7156
11/19/2019,1.7216
11/18/2019,1.7236
11/15/2019,1.7332
11/14/2019,1.7625
11/13/2019,1.7654
11/12/2019,1.7616
11/11/2019,1.7632
11/8/2019,1.759
11/7/2019,1.758
11/6/2019,1.755
11/5/2019,1.7699
11/4/2019,1.771
11/1/2019,1.7743
10/31/2019,1.7849
10/30/2019,1.7814
10/29/2019,1.7859
10/28/2019,1.7996
10/25/2019,1.8049
10/24/2019,1.8042
10/23/2019,1.8228
10/22/2019,1.8217
10/21/2019,1.823
10/18/2019,1.8502
10/17/2019,1.8464
10/16/2019,1.8775
10/15/2019,1.8891
10/14/2019,1.8907
10/11/2019,1.9135
10/10/2019,1.9212
10/9/2019,1.9274
10/8/2019,1.9387
10/7/2019,1.9403
10/4/2019,1.978
10/3/2019,1.9895
10/2/2019,1.9972
10/1/2019,2.0109
9/30/2019,2.0156
9/27/2019,2.0315
9/26/2019,2.0435
9/25/2019,2.0536
9/24/2019,2.0459
9/23/2019,2.0184
9/20/2019,2.0365
9/19/2019,2.0459
9/18/2019,2.0442
9/17/2019,2.057
9/16/2019,2.0409
9/13/2019,2.0248
9/12/2019,2.0275
9/11/2019,2.0359
9/10/2019,2.0386
9/9/2019,2.0495
9/6/2019,2.049
9/5/2019,2.0421
9/4/2019,2.0572
9/3/2019,2.0669
9/2/2019,2.0819
8/30/2019,2.089
8/29/2019,2.1002
8/28/2019,2.112
8/27/2019,2.1159
8/23/2019,2.1395
8/22/2019,2.1452
8/21/2019,2.1666
8/20/2019,2.17
8/19/2019,2.1686
8/16/2019,2.1721
8/15/2019,2.182
8/14/2019,2.1974
8/13/2019,2.1951
8/12/2019,2.1953
8/9/2019,2.1942
8/8/2019,2.2009
8/7/2019,2.2113
8/6/2019,2.2128
8/5/2019,2.223
8/2/2019,2.2285
8/1/2019,2.2441
7/31/2019,2.2243
7/30/2019,2.2298
7/29/2019,2.2344
7/26/2019,2.237
7/25/2019,2.2411
7/24/2019,2.2618
7/23/2019,2.266
7/22/2019,2.2691
7/19/2019,2.2611
7/18/2019,2.2715
7/17/2019,2.2979
7/16/2019,2.3004
7/15/2019,2.3141
7/12/2019,2.332
7/11/2019,2.325
7/10/2019,2.3691
7/9/2019,2.3686
7/8/2019,2.3794
7/5/2019,2.3665
7/4/2019,2.3641
7/3/2019,2.36
7/2/2019,2.3795
7/1/2019,2.3878
6/28/2019,2.398
6/27/2019,2.4024
6/26/2019,2.4024
6/25/2019,2.4041
6/24/2019,2.4017
6/21/2019,2.4044
6/20/2019,2.4036
6/19/2019,2.0879
6/19/2018,2.0879
6/18/2018,2.0838
6/15/2018,2.0849
6/14/2018,2.0851
6/13/2018,2.0732
6/12/2018,2.0572
6/11/2018,2.0474
6/8/2018,2.0462
6/7/2018,2.0464
6/6/2018,2.0296
6/5/2018,2.0245
6/4/2018,2.013
6/1/2018,2.0047
5/31/2018,2.0007
5/30/2018,1.9825
5/29/2018,1.9803
5/25/2018,1.9756
5/24/2018,1.9683
5/23/2018,1.9597
5/22/2018,1.9654
5/21/2018,1.9612
5/18/2018,1.9527
5/17/2018,1.9478
5/16/2018,1.935
5/15/2018,1.9387
5/14/2018,1.9338
5/11/2018,1.9187
5/10/2018,1.9184
5/9/2018,1.9285
5/8/2018,1.9285
5/4/2018,1.9277
5/3/2018,1.9227
5/2/2018,1.9171
5/1/2018,1.9087
4/30/2018,1.9093
4/27/2018,1.907
4/26/2018,1.9008
4/24/2018,1.8983
4/23/2018,1.8971
4/20/2018,1.8969
4/19/2018,1.8983
4/18/2018,1.8971
4/17/2018,1.8956
4/16/2018,1.8943
4/13/2018,1.8955
4/12/2018,1.8969
4/11/2018,1.8956
4/10/2018,1.8944
4/9/2018,1.8971
4/6/2018,1.8971
4/5/2018,1.8952
4/4/2018,1.8906
4/3/2018,1.8775
3/29/2018,1.8831
3/28/2018,1.8869
3/27/2018,1.8769
3/26/2018,1.8769
3/23/2018,1.875
3/22/2018,1.8715
3/21/2018,1.8613
3/20/2018,1.8538
3/19/2018,1.8407
3/16/2018,1.8221
3/15/2018,1.8082
3/14/2018,1.7864
3/13/2018,1.7766
3/12/2018,1.765
3/9/2018,1.7503
3/8/2018,1.7396
3/7/2018,1.7179
3/6/2018,1.7113
3/5/2018,1.7017
3/2/2018,1.6905
3/1/2018,1.6862
2/28/2018,1.6701
2/27/2018,1.6642
2/26/2018,1.648
2/23/2018,1.6312
2/22/2018,1.6207
2/21/2018,1.6025
2/20/2018,1.5956
2/19/2018,1.5956
2/16/2018,1.5938
2/15/2018,1.59
2/14/2018,1.5881
2/13/2018,1.5875
2/12/2018,1.5875
2/9/2018,1.5832
2/8/2018,1.5808
2/7/2018,1.5793
2/6/2018,1.5793
2/5/2018,1.5801
2/2/2018,1.5796
2/1/2018,1.5795
1/31/2018,1.5797
1/30/2018,1.5747
1/29/2018,1.5735
1/26/2018,1.5678
1/25/2018,1.5669
1/24/2018,1.5614
1/23/2018,1.5614
1/22/2018,1.5601
1/19/2018,1.5613
1/18/2018,1.5612
1/17/2018,1.5575
1/16/2018,1.5561
1/15/2018,1.5561
1/12/2018,1.5595
1/11/2018,1.5595
1/10/2018,1.5537
1/9/2018,1.5537
1/8/2018,1.5537
1/5/2018,1.5525
1/4/2018,1.555
1/3/2018,1.5569
1/2/2018,1.5617
12/29/2017,1.5642
12/28/2017,1.5677
12/27/2017,1.569
12/22/2017,1.5637
12/21/2017,1.5521
12/20/2017,1.5349
12/19/2017,1.5111
12/18/2017,1.5011
12/15/2017,1.495
12/14/2017,1.4908
12/13/2017,1.477
12/12/2017,1.472
12/11/2017,1.4595
12/8/2017,1.4444
12/7/2017,1.4319
12/6/2017,1.4069
12/5/2017,1.4032
12/4/2017,1.3918
12/1/2017,1.3794
11/30/2017,1.3719
11/29/2017,1.3607
11/28/2017,1.3498
11/27/2017,1.3468
11/24/2017,1.3376
11/23/2017,1.3286
11/22/2017,1.3275
11/21/2017,1.3129
11/20/2017,1.2942
11/17/2017,1.2872
11/16/2017,1.2827
11/15/2017,1.266
11/14/2017,1.2635
11/13/2017,1.2503
11/10/2017,1.2461
11/9/2017,1.2449
11/8/2017,1.2461
11/7/2017,1.2439
11/6/2017,1.2442
11/3/2017,1.2432
11/2/2017,1.2421
11/1/2017,1.2433
10/31/2017,1.2433
10/30/2017,1.2421
10/27/2017,1.2423
10/26/2017,1.2417
10/25/2017,1.24
10/24/2017,1.2395
10/23/2017,1.2379
10/20/2017,1.2379
10/19/2017,1.2389
10/18/2017,1.2389
10/17/2017,1.2378
10/16/2017,1.2367
10/13/2017,1.2367
10/12/2017,1.2389
10/11/2017,1.2389
10/10/2017,1.2378
10/9/2017,1.2372
10/6/2017,1.235
10/5/2017,1.2378
10/4/2017,1.2378
10/3/2017,1.2378
10/2/2017,1.2333
9/29/2017,1.2322
9/28/2017,1.235
9/27/2017,1.235
9/26/2017,1.2344
9/25/2017,1.2367
9/22/2017,1.2383
9/21/2017,1.2372
9/20/2017,1.2356
9/19/2017,1.2372
9/18/2017,1.2361
9/15/2017,1.2372
9/14/2017,1.2344
9/13/2017,1.2344
9/12/2017,1.2367
9/11/2017,1.2361
9/8/2017,1.2361
9/7/2017,1.235
9/6/2017,1.2322
9/5/2017,1.2311
9/4/2017,1.2317
9/1/2017,1.2306
8/31/2017,1.2317
8/30/2017,1.2372
8/29/2017,1.2389
8/25/2017,1.2356
8/24/2017,1.2339
8/23/2017,1.2344
8/22/2017,1.2361
8/21/2017,1.2356
8/18/2017,1.235
8/17/2017,1.2306
8/16/2017,1.2283
8/15/2017,1.2283
8/14/2017,1.2278
8/11/2017,1.2267
8/10/2017,1.2289
8/9/2017,1.2289
8/8/2017,1.2306
8/7/2017,1.2289
8/4/2017,1.2289
8/3/2017,1.2306
8/2/2017,1.2306
8/1/2017,1.2317
7/31/2017,1.2317
7/28/2017,1.2317
7/27/2017,1.2339
7/26/2017,1.2333
7/25/2017,1.2328
7/24/2017,1.2328
7/21/2017,1.2322
7/20/2017,1.2272
7/19/2017,1.2289
7/18/2017,1.2278
7/17/2017,1.2283
7/14/2017,1.2261
7/13/2017,1.2256
7/12/2017,1.2244
7/11/2017,1.2239
7/10/2017,1.2239
7/7/2017,1.2263
7/6/2017,1.2244
7/5/2017,1.2233
7/4/2017,1.2233
7/3/2017,1.2269
6/30/2017,1.2239
6/29/2017,1.2272
6/28/2017,1.2261
6/27/2017,1.2238
6/26/2017,1.2221
6/23/2017,1.22
6/22/2017,1.2161
6/21/2017,1.2156
6/20/2017,1.2156
6/19/2017,1.2139
6/16/2017,1.2122
6/15/2017,1.2094
6/14/2017,1.1717
6/13/2017,1.1589
6/12/2017,1.1393
6/9/2017,1.1271
6/8/2017,1.1171
6/7/2017,1.096
6/6/2017,1.0887
6/5/2017,1.0842
6/2/2017,1.0862
6/1/2017,1.0759
5/31/2017,1.0603
5/30/2017,1.0505
5/26/2017,1.0447
5/25/2017,1.0438
5/24/2017,1.0327
5/23/2017,1.0236
5/22/2017,1.0294
5/19/2017,1.0171
5/18/2017,1.0099
5/17/2017,1.0036
5/16/2017,0.9991
5/15/2017,1.0008
5/12/2017,0.9924
5/11/2017,0.9891
5/10/2017,0.9886
5/9/2017,0.9886
5/8/2017,0.9941
5/5/2017,0.9944
5/4/2017,0.9928
5/3/2017,0.9917
5/2/2017,0.9928
4/28/2017,0.995
4/27/2017,0.995
4/26/2017,0.9928
4/25/2017,0.9922
4/24/2017,0.9911
4/21/2017,0.9906
4/20/2017,0.9883
4/19/2017,0.9911
4/18/2017,0.9928
4/13/2017,0.9944
4/12/2017,0.9939
4/11/2017,0.99
4/10/2017,0.9883
4/7/2017,0.99
4/6/2017,0.9894
4/5/2017,0.9856
4/4/2017,0.9861
4/3/2017,0.9833
3/31/2017,0.9828
3/30/2017,0.9828
3/29/2017,0.9822
3/28/2017,0.9822
3/27/2017,0.9822
3/24/2017,0.9828
3/23/2017,0.9817
3/22/2017,0.9839
3/21/2017,0.9772
3/20/2017,0.9772
3/17/2017,0.9761
3/16/2017,0.9783
3/15/2017,0.9428
3/14/2017,0.9283
3/13/2017,0.9122
3/10/2017,0.8906
3/9/2017,0.8814
3/8/2017,0.8578
3/7/2017,0.8544
3/6/2017,0.8467
3/3/2017,0.8344
3/2/2017,0.83
3/1/2017,0.8106
2/28/2017,0.7889
2/27/2017,0.7844
2/24/2017,0.7806
2/23/2017,0.7783
2/22/2017,0.7794
2/21/2017,0.7794
2/20/2017,0.7772
2/17/2017,0.7794
2/16/2017,0.7806
2/15/2017,0.7722
2/14/2017,0.77
2/13/2017,0.77
2/10/2017,0.7711
2/9/2017,0.7706
2/8/2017,0.7717
2/7/2017,0.7728
2/6/2017,0.7753
2/3/2017,0.7756
2/2/2017,0.7767
2/1/2017,0.78
1/31/2017,0.7794
1/30/2017,0.78
1/27/2017,0.7783
1/26/2017,0.7761
1/25/2017,0.7761
1/24/2017,0.7733
1/23/2017,0.7711
1/20/2017,0.7764
1/19/2017,0.7764
1/18/2017,0.7767
1/17/2017,0.7694
1/16/2017,0.7678
1/13/2017,0.7683
1/12/2017,0.7672
1/11/2017,0.7672
1/10/2017,0.765
1/9/2017,0.7633
1/6/2017,0.7633
1/5/2017,0.7656
1/4/2017,0.7656
1/3/2017,0.7733
12/30/2016,0.7717
12/29/2016,0.7711
12/28/2016,0.77
12/23/2016,0.7611
12/22/2016,0.7561
12/21/2016,0.755
12/20/2016,0.749
12/19/2016,0.744
12/16/2016,0.739
12/15/2016,0.7362
12/14/2016,0.7073
12/13/2016,0.7039
12/12/2016,0.6947
12/9/2016,0.68
12/8/2016,0.6639
12/7/2016,0.6542
12/6/2016,0.6489
12/5/2016,0.6519
12/2/2016,0.6467
12/1/2016,0.6345
11/30/2016,0.6237
11/29/2016,0.6167
11/28/2016,0.6056
11/25/2016,0.6059
11/24/2016,0.6026
11/23/2016,0.592
11/22/2016,0.5842
11/21/2016,0.5678
11/18/2016,0.566
11/17/2016,0.5618
11/16/2016,0.5546
11/15/2016,0.5501
11/14/2016,0.5421
11/11/2016,0.5382
11/10/2016,0.5382
11/9/2016,0.5364
11/8/2016,0.537
11/7/2016,0.5353
11/4/2016,0.5353
11/3/2016,0.5326
11/2/2016,0.532
11/1/2016,0.5304
10/31/2016,0.5338
10/28/2016,0.5327
10/27/2016,0.5343
10/26/2016,0.5348
10/25/2016,0.5359
10/24/2016,0.534
10/21/2016,0.534
10/20/2016,0.524
10/19/2016,0.5246
10/18/2016,0.5257
10/17/2016,0.5279
10/14/2016,0.5357
10/13/2016,0.5346
10/12/2016,0.5346
10/11/2016,0.5307
10/10/2016,0.5296
10/7/2016,0.529
10/6/2016,0.5296
10/5/2016,0.5257
10/4/2016,0.5272
10/3/2016,0.5283
9/30/2016,0.5311
9/29/2016,0.5272
9/28/2016,0.5244
9/27/2016,0.5267
9/26/2016,0.5244
9/23/2016,0.5222
9/22/2016,0.5253
9/21/2016,0.5463
9/20/2016,0.5431
9/19/2016,0.5362
9/16/2016,0.5318
9/15/2016,0.5309
9/14/2016,0.5296
9/13/2016,0.5243
9/12/2016,0.5277
9/9/2016,0.5269
9/8/2016,0.5182
9/7/2016,0.5132
9/6/2016,0.5166
9/5/2016,0.5193
9/2/2016,0.5257
9/1/2016,0.5229
8/31/2016,0.5249
8/30/2016,0.5232
8/26/2016,0.5244
8/25/2016,0.5238
8/24/2016,0.5199
8/23/2016,0.5244
8/22/2016,0.5222
8/19/2016,0.5211
8/18/2016,0.5124
8/17/2016,0.5141
8/16/2016,0.5074
8/15/2016,0.5074
8/12/2016,0.5067
8/11/2016,0.5077
8/10/2016,0.5177
8/9/2016,0.5131
8/8/2016,0.5119
8/5/2016,0.5039
8/4/2016,0.4984
8/3/2016,0.4969
8/2/2016,0.4939
8/1/2016,0.4939
7/29/2016,0.4959
7/28/2016,0.4939
7/27/2016,0.4956
7/26/2016,0.4926
7/25/2016,0.4909
7/22/2016,0.4904
7/21/2016,0.4879
7/20/2016,0.4874
7/19/2016,0.4853
7/18/2016,0.4865
7/15/2016,0.4833
7/14/2016,0.4821
7/13/2016,0.4814
7/12/2016,0.4793
7/11/2016,0.4778
7/8/2016,0.4758
7/7/2016,0.4743
7/6/2016,0.4726
7/5/2016,0.4703
7/4/2016,0.4696
7/1/2016,0.4676
6/30/2016,0.4651
6/29/2016,0.4666
6/28/2016,0.4603
6/27/2016,0.4588
6/24/2016,0.4493
6/23/2016,0.4533
6/22/2016,0.4521
6/21/2016,0.4508
6/20/2016,0.4481
6/17/2016,0.4478
6/16/2016,0.4481
6/15/2016,0.4461
6/14/2016,0.4423
6/13/2016,0.442
6/10/2016,0.4466
6/9/2016,0.4471
6/8/2016,0.4453
6/7/2016,0.4458
6/6/2016,0.4471
6/3/2016,0.4648
6/2/2016,0.4631
6/1/2016,0.4699
5/31/2016,0.4688
5/27/2016,0.4567
5/26/2016,0.4545
5/25/2016,0.4497
5/24/2016,0.4442
5/23/2016,0.446
5/20/2016,0.4432
5/19/2016,0.443
5/18/2016,0.4385
5/17/2016,0.4387
5/16/2016,0.4362
5/13/2016,0.434
5/12/2016,0.4345
5/11/2016,0.4346
5/10/2016,0.4373
5/9/2016,0.4386
5/6/2016,0.4379
5/5/2016,0.4371
5/4/2016,0.4359
5/3/2016,0.4359
4/29/2016,0.4358
4/28/2016,0.4388
4/27/2016,0.4352
4/26/2016,0.4377
4/25/2016,0.437
4/22/2016,0.4365
4/21/2016,0.4389
4/20/2016,0.4412
4/19/2016,0.4411
4/18/2016,0.4387
4/15/2016,0.4363
4/14/2016,0.4363
4/13/2016,0.4328
4/12/2016,0.4371
4/11/2016,0.4359
4/8/2016,0.4347
4/7/2016,0.4365
4/6/2016,0.439
4/5/2016,0.4385
4/4/2016,0.4402
4/1/2016,0.4374
3/31/2016,0.4373
3/30/2016,0.434
3/29/2016,0.4329
3/24/2016,0.435
3/23/2016,0.433
3/22/2016,0.4315
3/21/2016,0.4318
3/18/2016,0.4283
3/17/2016,0.4321
3/16/2016,0.4399
3/15/2016,0.4412
3/14/2016,0.4413
3/11/2016,0.4362
3/10/2016,0.4381
3/9/2016,0.438
3/8/2016,0.4419
3/7/2016,0.4405
3/4/2016,0.438
3/3/2016,0.4405
3/2/2016,0.4376
3/1/2016,0.4353
2/29/2016,0.4405
2/26/2016,0.4385
2/25/2016,0.4385
2/24/2016,0.4338
2/23/2016,0.4358
2/22/2016,0.4335
2/19/2016,0.4335
2/18/2016,0.432
2/17/2016,0.43
2/16/2016,0.4295
2/15/2016,0.4293
2/12/2016,0.4305
2/11/2016,0.427
2/10/2016,0.4265
2/9/2016,0.4285
2/8/2016,0.4293
2/5/2016,0.4289
2/4/2016,0.4277
2/3/2016,0.4285
2/2/2016,0.4285
2/1/2016,0.427
1/29/2016,0.425
1/28/2016,0.4262
1/27/2016,0.428
1/26/2016,0.4306
1/25/2016,0.4306
1/22/2016,0.4255
1/21/2016,0.4265
1/20/2016,0.4253
1/19/2016,0.425
1/18/2016,0.426
1/15/2016,0.4255
1/14/2016,0.4255
1/13/2016,0.4255
1/12/2016,0.4245
1/11/2016,0.424
1/8/2016,0.4238
1/7/2016,0.4235
1/6/2016,0.4235
1/5/2016,0.422
1/4/2016,0.4225
12/31/2015,0.4295
12/30/2015,0.4275
12/29/2015,0.4239
12/24/2015,0.4219
12/23/2015,0.4216
12/22/2015,0.4175
12/21/2015,0.4195
12/18/2015,0.423
12/17/2015,0.4021
12/16/2015,0.36
12/15/2015,0.3505
12/14/2015,0.3445
12/11/2015,0.3305
12/10/2015,0.317
12/9/2015,0.3005
12/8/2015,0.2931
12/7/2015,0.287
12/4/2015,0.2755
12/3/2015,0.2686
12/2/2015,0.251
12/1/2015,0.2437
11/30/2015,0.243
11/27/2015,0.2437
11/26/2015,0.2328
11/25/2015,0.2315
11/24/2015,0.225
11/23/2015,0.221
11/20/2015,0.2115
11/19/2015,0.2132
11/18/2015,0.2067
11/17/2015,0.2025
11/16/2015,0.1993
11/13/2015,0.1973
11/12/2015,0.197
11/11/2015,0.1958
11/10/2015,0.1955
11/9/2015,0.197
11/6/2015,0.1945
11/5/2015,0.1948
11/4/2015,0.1932
11/3/2015,0.1922
11/2/2015,0.19
10/30/2015,0.192
10/29/2015,0.193
10/28/2015,0.1883
10/27/2015,0.1908
10/26/2015,0.1935
10/23/2015,0.1935
10/22/2015,0.1969
10/21/2015,0.1948
10/20/2015,0.1965
10/19/2015,0.196
10/16/2015,0.1943
10/15/2015,0.1968
10/14/2015,0.199
10/13/2015,0.1958
10/12/2015,0.1933
10/9/2015,0.1968
10/8/2015,0.1955
10/7/2015,0.1961
10/6/2015,0.1941
10/5/2015,0.1938
10/2/2015,0.1947
10/1/2015,0.194
9/30/2015,0.193
9/29/2015,0.193
9/28/2015,0.1936
9/25/2015,0.1943
9/24/2015,0.1943
9/23/2015,0.1939
9/22/2015,0.1956
9/21/2015,0.195
9/18/2015,0.1958
9/17/2015,0.216
9/16/2015,0.2128
9/15/2015,0.2072
9/14/2015,0.209
9/11/2015,0.2066
9/10/2015,0.2064
9/9/2015,0.204
9/8/2015,0.203
9/7/2015,0.2027
9/4/2015,0.1993
9/3/2015,0.2043
9/2/2015,0.2028
9/1/2015,0.2012
8/28/2015,0.1986
8/27/2015,0.197
8/26/2015,0.198
8/25/2015,0.1978
8/24/2015,0.1994
8/21/2015,0.1994
8/20/2015,0.2004
8/19/2015,0.202
8/18/2015,0.2028
8/17/2015,0.2046
8/14/2015,0.1996
8/13/2015,0.1976
8/12/2015,0.194
8/11/2015,0.1935
8/10/2015,0.1925
8/7/2015,0.1913
8/6/2015,0.1915
8/5/2015,0.1935
8/4/2015,0.1908
8/3/2015,0.1905
7/31/2015,0.1918
7/30/2015,0.1885
7/29/2015,0.1895
7/28/2015,0.1908
7/27/2015,0.189
7/24/2015,0.189
7/23/2015,0.1905
7/22/2015,0.187
7/21/2015,0.185
7/20/2015,0.189
7/17/2015,0.1905
7/16/2015,0.188
7/15/2015,0.186
7/14/2015,0.187
7/13/2015,0.1873
7/10/2015,0.186
7/9/2015,0.1867
7/8/2015,0.1885
7/7/2015,0.1895
7/6/2015,0.1865
7/3/2015,0.1884
7/2/2015,0.1882
7/1/2015,0.185
6/30/2015,0.1865
6/29/2015,0.1866
6/26/2015,0.1866
6/25/2015,0.186
6/24/2015,0.1865
6/23/2015,0.187
6/22/2015,0.187
6/19/2015,0.187
6/18/2015,0.1867
6/17/2015,0.1875
6/16/2015,0.185
6/15/2015,0.1852
6/12/2015,0.1847
6/11/2015,0.1855
6/10/2015,0.1888
6/9/2015,0.1875
6/8/2015,0.1854
6/5/2015,0.183
6/4/2015,0.184
6/3/2015,0.185
6/2/2015,0.1848
6/1/2015,0.183
5/29/2015,0.184
5/28/2015,0.184
5/27/2015,0.1853
5/26/2015,0.1863
5/22/2015,0.1848
5/21/2015,0.1847
5/20/2015,0.1847
5/19/2015,0.1867
5/18/2015,0.184
5/15/2015,0.1862
5/14/2015,0.1834
5/13/2015,0.1856
5/12/2015,0.1856
5/11/2015,0.1856
5/8/2015,0.1847
5/7/2015,0.1815
5/6/2015,0.1802
5/5/2015,0.1805
5/1/2015,0.1822
4/30/2015,0.181
4/29/2015,0.1802
4/28/2015,0.1842
4/27/2015,0.1812
4/24/2015,0.1815
4/23/2015,0.1812
4/22/2015,0.1817
4/21/2015,0.1815
4/20/2015,0.1805
4/17/2015,0.1802
4/16/2015,0.1805
4/15/2015,0.1804
4/14/2015,0.1825
4/13/2015,0.1815
4/10/2015,0.1785
4/9/2015,0.18
4/8/2015,0.1809
4/7/2015,0.1802
4/2/2015,0.1797
4/1/2015,0.1776
3/31/2015,0.1792
3/30/2015,0.1792
3/27/2015,0.178
3/26/2015,0.1777
3/25/2015,0.1756
3/24/2015,0.1727
3/23/2015,0.1737
3/20/2015,0.174
3/19/2015,0.1732
3/18/2015,0.176
3/17/2015,0.1775
3/16/2015,0.177
3/13/2015,0.1765
3/12/2015,0.1745
3/11/2015,0.176
3/10/2015,0.1779
3/9/2015,0.1765
3/6/2015,0.175
3/5/2015,0.175
3/4/2015,0.175
3/3/2015,0.173
3/2/2015,0.1727
2/27/2015,0.173
2/26/2015,0.1719
2/25/2015,0.172
2/24/2015,0.1715
2/23/2015,0.171
2/20/2015,0.1715
2/19/2015,0.1735
2/18/2015,0.1735
2/17/2015,0.1735
2/16/2015,0.173
2/13/2015,0.173
2/12/2015,0.172
2/11/2015,0.1717
2/10/2015,0.1717
2/9/2015,0.1722
2/6/2015,0.1715
2/5/2015,0.171
2/4/2015,0.1735
2/3/2015,0.171
2/2/2015,0.1695
1/30/2015,0.1713
1/29/2015,0.1709
1/28/2015,0.1705
1/27/2015,0.169
1/26/2015,0.169
1/23/2015,0.1678
1/22/2015,0.1683
1/21/2015,0.1668
1/20/2015,0.1685
1/19/2015,0.1688
1/16/2015,0.168
1/15/2015,0.168
1/14/2015,0.1683
1/13/2015,0.1665
1/12/2015,0.1665
1/9/2015,0.1668
1/8/2015,0.1663
1/7/2015,0.1665
1/6/2015,0.1678
1/5/2015,0.168
1/2/2015,0.1675
12/31/2014,0.1713
12/30/2014,0.1695
12/29/2014,0.1693
12/24/2014,0.1688
12/23/2014,0.1695
12/22/2014,0.167
12/19/2014,0.1643
12/18/2014,0.1655
12/17/2014,0.1641
12/16/2014,0.162
12/15/2014,0.162
12/12/2014,0.161
12/11/2014,0.1608
12/10/2014,0.1608
12/9/2014,0.1585
12/8/2014,0.1617
12/5/2014,0.158
12/4/2014,0.1572
12/3/2014,0.157
12/2/2014,0.1583
12/1/2014,0.1578
11/28/2014,0.154
11/27/2014,0.155
11/26/2014,0.1562
11/25/2014,0.1535
11/24/2014,0.1552
11/21/2014,0.155
11/20/2014,0.155
11/19/2014,0.155
11/18/2014,0.154
11/17/2014,0.153
11/14/2014,0.1547
11/13/2014,0.1528
11/12/2014,0.1533
11/11/2014,0.1543
11/10/2014,0.1573
11/7/2014,0.1573
11/6/2014,0.1555
11/5/2014,0.1555
11/4/2014,0.1555
11/3/2014,0.1559
10/31/2014,0.1567
10/30/2014,0.154
10/29/2014,0.1535
10/28/2014,0.1525
10/27/2014,0.152
10/24/2014,0.152
10/23/2014,0.153
10/22/2014,0.153
10/21/2014,0.1557
10/20/2014,0.1572
10/17/2014,0.157
10/16/2014,0.1535
10/15/2014,0.1518
10/14/2014,0.1533
10/13/2014,0.1528
10/10/2014,0.1528
10/9/2014,0.1518
10/8/2014,0.1525
10/7/2014,0.153
10/6/2014,0.153
10/3/2014,0.152
10/2/2014,0.152
10/1/2014,0.1565
9/30/2014,0.1525
9/29/2014,0.154
9/26/2014,0.154
9/25/2014,0.1535
9/24/2014,0.1545
9/23/2014,0.1545
9/22/2014,0.154
9/19/2014,0.1535
9/18/2014,0.153
9/17/2014,0.1535
9/16/2014,0.1536
9/15/2014,0.1536
9/12/2014,0.1536
9/11/2014,0.1535
9/10/2014,0.1535
9/9/2014,0.1535
9/8/2014,0.1528
9/5/2014,0.1561
9/4/2014,0.1561
9/3/2014,0.1565
9/2/2014,0.1565
9/1/2014,0.157
8/29/2014,0.1545
8/28/2014,0.1545
8/27/2014,0.1567
8/26/2014,0.156
8/25/2014,0.155
8/22/2014,0.155
8/21/2014,0.155
8/20/2014,0.1555
8/19/2014,0.1555
8/18/2014,0.1555
8/15/2014,0.1555
8/14/2014,0.155
8/13/2014,0.155
8/12/2014,0.156
8/11/2014,0.1555
8/8/2014,0.156
8/7/2014,0.157
8/6/2014,0.1588
8/5/2014,0.1585
8/4/2014,0.1569
8/1/2014,0.156
7/31/2014,0.156
7/30/2014,0.1558
7/29/2014,0.155
7/28/2014,0.155
7/25/2014,0.156
7/24/2014,0.1542
7/23/2014,0.155
7/22/2014,0.1552
7/21/2014,0.1547
7/18/2014,0.1542
7/17/2014,0.1562
7/16/2014,0.1555
7/15/2014,0.1542
7/14/2014,0.152
7/11/2014,0.152
7/10/2014,0.1515
7/9/2014,0.1527
7/8/2014,0.1525
7/7/2014,0.1534
7/4/2014,0.1534
7/3/2014,0.1555
7/2/2014,0.1555
7/1/2014,0.1552
6/30/2014,0.1552
6/27/2014,0.1515
6/26/2014,0.1495
6/25/2014,0.151
6/24/2014,0.1515
6/23/2014,0.152
6/20/2014,0.154
6/19/2014,0.1532
6/18/2014,0.153
6/17/2014,0.155
6/16/2014,0.154
6/13/2014,0.1542
6/12/2014,0.1517
6/11/2014,0.1512
6/10/2014,0.152
6/9/2014,0.1522
6/6/2014,0.1535
6/5/2014,0.151
6/4/2014,0.152
6/3/2014,0.1509
6/2/2014,0.151
5/30/2014,0.151
5/29/2014,0.151
5/28/2014,0.15
5/27/2014,0.1505
5/26/2014,0.1505
5/23/2014,0.1505
5/22/2014,0.15
5/21/2014,0.1485
5/20/2014,0.1477
5/19/2014,0.1485
5/16/2014,0.1492
5/15/2014,0.1511
5/14/2014,0.1511
5/13/2014,0.1511
5/12/2014,0.1511
5/9/2014,0.1516
5/8/2014,0.1502
5/7/2014,0.1515
5/6/2014,0.1505
5/5/2014,0.1515
5/2/2014,0.1515
5/1/2014,0.1505
4/30/2014,0.1505
4/29/2014,0.1515
4/28/2014,0.1503
4/25/2014,0.152
4/24/2014,0.1518
4/23/2014,0.1523
4/22/2014,0.1523
4/21/2014,0.1522
4/17/2014,0.1522
4/16/2014,0.152
4/15/2014,0.1514
4/14/2014,0.1517
4/11/2014,0.1522
4/10/2014,0.1525
4/9/2014,0.1509
4/8/2014,0.1504
4/7/2014,0.152
4/4/2014,0.1525
4/3/2014,0.1525
4/2/2014,0.152
4/1/2014,0.151
3/31/2014,0.152
3/28/2014,0.1517
3/27/2014,0.1525
3/26/2014,0.153
3/25/2014,0.1537
3/24/2014,0.1542
3/21/2014,0.1542
3/20/2014,0.1545
3/19/2014,0.1575
3/18/2014,0.1568
3/17/2014,0.1562
3/14/2014,0.1565
3/13/2014,0.155
3/12/2014,0.1555
3/11/2014,0.1558
3/10/2014,0.155
3/7/2014,0.1565
3/6/2014,0.1544
3/5/2014,0.1556
3/4/2014,0.1565
3/3/2014,0.1553
2/28/2014,0.1555
2/27/2014,0.1545
2/26/2014,0.1545
2/25/2014,0.1545
2/24/2014,0.1545
2/21/2014,0.1555
2/20/2014,0.1555
2/19/2014,0.1545
2/18/2014,0.154
2/17/2014,0.1535
2/14/2014,0.1545
2/13/2014,0.1545
2/12/2014,0.1535
2/11/2014,0.1542
2/10/2014,0.1547
2/7/2014,0.1555
2/6/2014,0.1565
2/5/2014,0.1575
2/4/2014,0.1575
2/3/2014,0.1571
1/31/2014,0.1565
1/30/2014,0.1585
1/29/2014,0.1595
1/28/2014,0.159
1/27/2014,0.1585
1/24/2014,0.1612
1/23/2014,0.158
1/22/2014,0.158
1/21/2014,0.157
1/20/2014,0.157
1/17/2014,0.157
1/16/2014,0.157
1/15/2014,0.1587
1/14/2014,0.159
1/10/2014,0.1604
1/9/2014,0.1603
1/8/2014,0.161
1/7/2014,0.1615
1/6/2014,0.1625
1/3/2014,0.1647
1/2/2014,0.1683
12/31/2013,0.1677
12/30/2013,0.1702
12/27/2013,0.169
12/24/2013,0.167
12/23/2013,0.1646
12/20/2013,0.164
12/19/2013,0.1645
12/18/2013,0.1668
12/17/2013,0.1663
12/16/2013,0.165
12/13/2013,0.164
12/12/2013,0.1666
12/11/2013,0.1673
12/10/2013,0.1694
12/9/2013,0.1706
12/6/2013,0.1695
12/5/2013,0.1678
12/4/2013,0.1685
12/3/2013,0.1675
12/2/2013,0.1683
11/29/2013,0.1683
11/28/2013,0.1688
11/27/2013,0.165
11/26/2013,0.164
11/25/2013,0.164
11/22/2013,0.1655
11/21/2013,0.166
11/20/2013,0.1665
11/19/2013,0.167
11/18/2013,0.168
11/15/2013,0.1675
11/14/2013,0.1675
11/13/2013,0.1677
11/12/2013,0.1685
11/11/2013,0.1685
11/8/2013,0.1685
11/7/2013,0.1675
11/6/2013,0.1685
11/5/2013,0.1685
11/4/2013,0.1685
11/1/2013,0.1685
10/31/2013,0.168
10/30/2013,0.168
10/29/2013,0.168
10/28/2013,0.1681
10/25/2013,0.1686
10/24/2013,0.171
10/23/2013,0.1702
10/22/2013,0.17
10/21/2013,0.17
10/18/2013,0.172
10/17/2013,0.1725
10/16/2013,0.1755
10/15/2013,0.1737
10/14/2013,0.1755
10/11/2013,0.174
10/10/2013,0.174
10/9/2013,0.1772
10/8/2013,0.174
10/7/2013,0.1738
10/3/2013,0.1743
9/27/2013,0.1797
9/26/2013,0.179
9/25/2013,0.1711
9/24/2013,0.1711
9/23/2013,0.1789
9/20/2013,0.1795
9/19/2013,0.1793
9/18/2013,0.18
9/17/2013,0.1805
9/16/2013,0.1793
9/13/2013,0.1711
9/12/2013,0.1823
9/11/2013,0.1824
9/10/2013,0.1814
9/9/2013,0.1819
9/6/2013,0.1819
9/5/2013,0.1819
9/4/2013,0.1817
9/3/2013,0.1821
9/2/2013,0.1826
8/30/2013,0.1821
8/29/2013,0.1826
8/28/2013,0.1821
8/27/2013,0.1826
8/23/2013,0.1841
8/22/2013,0.1841
8/21/2013,0.1834
8/20/2013,0.1829
8/19/2013,0.1836
8/16/2013,0.1841
8/15/2013,0.1841
8/14/2013,0.1841
8/13/2013,0.1841
8/12/2013,0.1846
8/9/2013,0.1846
8/8/2013,0.185
8/7/2013,0.185
8/6/2013,0.185
8/5/2013,0.186
8/2/2013,0.1859
8/1/2013,0.1859
7/31/2013,0.1867
7/30/2013,0.1872
7/29/2013,0.1864
7/26/2013,0.1864
7/25/2013,0.1864
7/24/2013,0.1893
7/23/2013,0.19
7/22/2013,0.1905
7/19/2013,0.191
7/18/2013,0.1915
7/17/2013,0.1915
7/16/2013,0.1905
7/15/2013,0.1919
7/12/2013,0.1919
7/11/2013,0.191
7/10/2013,0.1921
7/9/2013,0.1928
7/8/2013,0.1928
7/5/2013,0.1948
7/4/2013,0.1948
7/3/2013,0.1948
7/2/2013,0.1953
7/1/2013,0.1958
6/28/2013,0.1946
6/27/2013,0.1951
6/26/2013,0.1954
6/25/2013,0.1943
6/24/2013,0.1954
6/21/2013,0.193
6/20/2013,0.193
6/19/2013,0.1916
6/18/2013,0.1916
6/17/2013,0.1916
6/14/2013,0.1925
6/13/2013,0.1925
6/12/2013,0.1925
6/11/2013,0.1925
6/10/2013,0.1925
6/7/2013,0.1924
6/6/2013,0.1929
6/5/2013,0.1933
6/4/2013,0.1933
6/3/2013,0.194
5/31/2013,0.1943
5/30/2013,0.1938
5/29/2013,0.1938
5/28/2013,0.1928
5/24/2013,0.1933
5/23/2013,0.1933
5/22/2013,0.1953
5/21/2013,0.1963
5/20/2013,0.1962
5/17/2013,0.1968
5/16/2013,0.1982
5/15/2013,0.1982
5/14/2013,0.1982
5/13/2013,0.1992
5/10/2013,0.1992
5/9/2013,0.1992
5/8/2013,0.1992
5/7/2013,0.1992
5/3/2013,0.1982
5/2/2013,0.1982
5/1/2013,0.1982
4/30/2013,0.1982
4/29/2013,0.1982
4/26/2013,0.1982
4/25/2013,0.1982
4/24/2013,0.1982
4/23/2013,0.2002
4/22/2013,0.1992
4/19/2013,0.1992
4/18/2013,0.1992
4/17/2013,0.1992
4/16/2013,0.2002
4/15/2013,0.1997
4/12/2013,0.1997
4/11/2013,0.1987
4/10/2013,0.1993
4/9/2013,0.1993
4/8/2013,0.2003
4/5/2013,0.2003
4/4/2013,0.2003
4/3/2013,0.2017
4/2/2013,0.2027
3/28/2013,0.2037
3/27/2013,0.2037
3/26/2013,0.2037
3/25/2013,0.2042
3/22/2013,0.2042
3/21/2013,0.2042
3/20/2013,0.2047
3/19/2013,0.2037
3/18/2013,0.2032
3/15/2013,0.2032
3/14/2013,0.2032
3/13/2013,0.2032
3/12/2013,0.2032
3/11/2013,0.2022
3/8/2013,0.2022
3/7/2013,0.2022
3/6/2013,0.2022
3/5/2013,0.2032
3/4/2013,0.2052
3/1/2013,0.2037
2/28/2013,0.2037
2/27/2013,0.2037
2/26/2013,0.2037
2/25/2013,0.2027
2/22/2013,0.2027
2/21/2013,0.2017
2/20/2013,0.2017
2/19/2013,0.2017
2/18/2013,0.1849
2/15/2013,0.2022
2/14/2013,0.2017
2/13/2013,0.2012
2/12/2013,0.2012
2/11/2013,0.2022
2/8/2013,0.1844
2/7/2013,0.1992
2/6/2013,0.1992
2/5/2013,0.1992
2/4/2013,0.1982
2/1/2013,0.1992
1/31/2013,0.1997
1/30/2013,0.2017
1/29/2013,0.2017
1/28/2013,0.2027
1/25/2013,0.2037
1/24/2013,0.2037
1/23/2013,0.2037
1/22/2013,0.2047
1/21/2013,0.1884
1/18/2013,0.2047
1/17/2013,0.2047
1/16/2013,0.2057
1/15/2013,0.2057
1/14/2013,0.2057
1/11/2013,0.2057
1/10/2013,0.2057
1/9/2013,0.2067
1/8/2013,0.2077
1/7/2013,0.2077
1/4/2013,0.2077
1/3/2013,0.2077
1/2/2013,0.2077
12/31/2012,0.2087
12/28/2012,0.2097
12/27/2012,0.2117
12/24/2012,0.2097
12/21/2012,0.2097
12/20/2012,0.2107
12/19/2012,0.2107
12/18/2012,0.2107
12/17/2012,0.21
12/14/2012,0.209
12/13/2012,0.209
12/12/2012,0.209
12/11/2012,0.211
12/10/2012,0.212
12/7/2012,0.212
12/6/2012,0.213
12/5/2012,0.213
12/4/2012,0.213
12/3/2012,0.215
11/30/2012,0.2145
11/29/2012,0.2135
11/28/2012,0.209
11/27/2012,0.209
11/26/2012,0.209
11/23/2012,0.2085
11/22/2012,0.2075
11/21/2012,0.2075
11/20/2012,0.2075
11/19/2012,0.2075
11/16/2012,0.2075
11/15/2012,0.2075
11/14/2012,0.2075
11/13/2012,0.208
11/12/2012,0.209
11/9/2012,0.209
11/8/2012,0.209
11/7/2012,0.209
11/6/2012,0.209
11/5/2012,0.208
11/2/2012,0.209
11/1/2012,0.21
10/31/2012,0.212
10/30/2012,0.212
10/29/2012,0.212
10/26/2012,0.212
10/25/2012,0.211
10/24/2012,0.2105
10/23/2012,0.2107
10/22/2012,0.2107
10/19/2012,0.2107
10/18/2012,0.2107
10/17/2012,0.2117
10/16/2012,0.2132
10/15/2012,0.214
10/12/2012,0.214
10/11/2012,0.214
10/10/2012,0.214
10/9/2012,0.2155
10/8/2012,0.1965
10/5/2012,0.2185
10/3/2012,0.2185
10/2/2012,0.2145
10/1/2012,0.2135
9/28/2012,0.2143
9/27/2012,0.2145
9/26/2012,0.2155
9/25/2012,0.2155
9/24/2012,0.2165
9/21/2012,0.2165
9/20/2012,0.2165
9/19/2012,0.2185
9/18/2012,0.2185
9/17/2012,0.219
9/14/2012,0.22
9/13/2012,0.2208
9/12/2012,0.2238
9/11/2012,0.2268
9/10/2012,0.228
9/7/2012,0.228
9/6/2012,0.2275
9/5/2012,0.228
9/4/2012,0.2283
8/31/2012,0.2305
8/30/2012,0.2305
8/29/2012,0.2315
8/28/2012,0.2335
8/24/2012,0.2345
8/23/2012,0.2355
8/22/2012,0.2365
8/21/2012,0.2375
8/20/2012,0.236
8/17/2012,0.237
8/16/2012,0.237
8/15/2012,0.238
8/14/2012,0.2385
8/13/2012,0.2395
8/10/2012,0.2398
8/9/2012,0.2393
8/8/2012,0.2403
8/7/2012,0.2413
8/6/2012,0.2433
8/3/2012,0.2438
8/2/2012,0.2443
8/1/2012,0.2447
7/31/2012,0.2457
7/30/2012,0.2457
7/27/2012,0.2457
7/26/2012,0.2452
7/25/2012,0.2442
7/24/2012,0.2442
7/23/2012,0.2462
7/20/2012,0.2468
7/19/2012,0.2468
7/18/2012,0.2468
7/17/2012,0.2468
7/16/2012,0.2478
7/13/2012,0.2478
7/12/2012,0.2488
7/11/2012,0.2488
7/10/2012,0.2488
7/9/2012,0.2488
7/6/2012,0.2458
7/5/2012,0.2458
7/4/2012,0.2213
7/3/2012,0.2458
7/2/2012,0.2448
6/29/2012,0.2458
6/28/2012,0.2453
6/27/2012,0.2453
6/26/2012,0.2453
6/25/2012,0.2453
6/21/2012,0.2453
6/20/2012,0.2453
6/19/2012,0.2438
6/18/2012,0.2438
6/15/2012,0.2428
6/14/2012,0.2428
6/13/2012,0.2418
6/12/2012,0.2408
6/11/2012,0.2408
6/8/2012,0.2408
6/7/2012,0.2408
6/6/2012,0.2408
6/1/2012,0.2398
5/31/2012,0.2388
5/30/2012,0.2388
5/29/2012,0.2388
5/25/2012,0.2388
5/24/2012,0.2388
5/23/2012,0.2388
5/22/2012,0.2388
5/21/2012,0.2398
5/18/2012,0.2398
5/17/2012,0.2398
5/16/2012,0.2398
5/15/2012,0.2388
5/14/2012,0.2388
5/11/2012,0.2388
5/10/2012,0.2388
5/9/2012,0.2388
5/8/2012,0.2388
5/4/2012,0.2388
5/3/2012,0.2388
5/2/2012,0.2388
5/1/2012,0.2388
4/30/2012,0.2388
4/27/2012,0.2388
4/26/2012,0.2388
4/25/2012,0.2388
4/24/2012,0.2388
4/23/2012,0.2388
4/20/2012,0.2398
4/19/2012,0.2398
4/18/2012,0.2398
4/17/2012,0.2398
4/16/2012,0.2398
4/13/2012,0.2398
4/12/2012,0.2403
4/11/2012,0.2403
4/10/2012,0.2403
4/5/2012,0.2413
4/3/2012,0.2413
4/2/2012,0.2413
3/30/2012,0.2413
3/29/2012,0.2413
3/28/2012,0.2413
3/27/2012,0.2413
3/26/2012,0.2413
3/23/2012,0.2413
3/22/2012,0.2418
3/21/2012,0.2418
3/19/2012,0.2418
3/16/2012,0.2418
3/15/2012,0.2418
3/14/2012,0.2418
3/13/2012,0.2418
3/12/2012,0.2418
3/9/2012,0.2418
3/8/2012,0.2418
3/7/2012,0.2428
3/6/2012,0.2428
3/5/2012,0.2428
3/2/2012,0.2428
3/1/2012,0.243
2/29/2012,0.2435
2/28/2012,0.244
2/24/2012,0.244
2/23/2012,0.244
2/22/2012,0.2445
2/21/2012,0.2455
2/20/2012,0.217
2/17/2012,0.2455
2/16/2012,0.2455
2/15/2012,0.246
2/14/2012,0.2475
2/13/2012,0.2485
2/10/2012,0.2505
2/9/2012,0.2535
2/7/2012,0.257
2/6/2012,0.2598
2/3/2012,0.2605
2/2/2012,0.2625
2/1/2012,0.264
1/31/2012,0.2648
1/30/2012,0.2678
1/27/2012,0.27
1/26/2012,0.2255
1/25/2012,0.2728
1/24/2012,0.2753
1/23/2012,0.2763
1/20/2012,0.231
1/19/2012,0.2789
1/18/2012,0.2809
1/17/2012,0.281
1/16/2012,0.2355
1/13/2012,0.2851
1/12/2012,0.2896
1/11/2012,0.2947
1/10/2012,0.2958
1/9/2012,0.2963
1/6/2012,0.2963
1/5/2012,0.2953
1/4/2012,0.2953
1/3/2012,0.2953
12/30/2011,0.2953
12/29/2011,0.2953
12/28/2011,0.2963
12/23/2011,0.294
12/22/2011,0.2936
12/21/2011,0.2919
12/20/2011,0.2906
12/19/2011,0.2874
12/16/2011,0.2849
12/15/2011,0.2846
12/14/2011,0.2826
12/13/2011,0.2783
12/12/2011,0.2776
12/9/2011,0.2766
12/8/2011,0.2763
12/7/2011,0.2763
12/6/2011,0.2751
12/5/2011,0.2741
12/2/2011,0.2703
12/1/2011,0.2714
11/30/2011,0.2714
11/29/2011,0.2702
11/28/2011,0.26
11/25/2011,0.2594
11/24/2011,0.2119
11/23/2011,0.2572
11/22/2011,0.2572
11/21/2011,0.2567
11/18/2011,0.2566
11/17/2011,0.2548
11/16/2011,0.2517
11/15/2011,0.2517
11/14/2011,0.2502
11/11/2011,0.209
11/10/2011,0.2479
11/9/2011,0.2478
11/8/2011,0.2478
11/7/2011,0.2478
11/4/2011,0.2475
11/3/2011,0.2475
11/2/2011,0.2453
11/1/2011,0.2453
10/31/2011,0.2453
10/28/2011,0.2458
10/27/2011,0.2458
10/26/2011,0.2458
10/25/2011,0.2447
10/24/2011,0.2447
10/21/2011,0.2447
10/20/2011,0.2447
10/19/2011,0.2447
10/18/2011,0.2447
10/17/2011,0.2444
10/14/2011,0.2433
10/13/2011,0.2433
10/12/2011,0.2432
10/11/2011,0.2431
10/7/2011,0.2429
10/6/2011,0.2423
10/5/2011,0.2407
10/4/2011,0.2411
10/3/2011,0.24
9/30/2011,0.2394
9/29/2011,0.2394
9/28/2011,0.2389
9/27/2011,0.2388
9/26/2011,0.2374
9/23/2011,0.2358
9/22/2011,0.2346
9/21/2011,0.2335
9/20/2011,0.2318
9/19/2011,0.2307
9/16/2011,0.2305
9/15/2011,0.2299
9/14/2011,0.2294
9/13/2011,0.229
9/12/2011,0.2286
9/9/2011,0.2261
9/8/2011,0.225
9/7/2011,0.2261
9/6/2011,0.226
9/2/2011,0.2218
9/1/2011,0.2215
8/31/2011,0.2215
8/30/2011,0.2215
8/26/2011,0.2209
8/25/2011,0.2208
8/24/2011,0.2189
8/23/2011,0.2184
8/22/2011,0.2168
8/19/2011,0.2154
8/18/2011,0.213
8/17/2011,0.2124
8/16/2011,0.2102
8/15/2011,0.2102
8/12/2011,0.2083
8/11/2011,0.2072
8/10/2011,0.2071
8/9/2011,0.208
8/8/2011,0.2058
8/5/2011,0.2055
8/4/2011,0.2051
8/3/2011,0.2056
8/2/2011,0.2008
8/1/2011,0.1921
7/29/2011,0.1911
7/28/2011,0.1883
7/27/2011,0.1873
7/26/2011,0.1873
7/25/2011,0.1873
7/22/2011,0.1873
7/21/2011,0.1873
7/20/2011,0.1873
7/19/2011,0.1863
7/18/2011,0.1863
7/15/2011,0.1865
7/14/2011,0.1865
7/13/2011,0.1865
7/12/2011,0.1865
7/11/2011,0.1858
7/8/2011,0.1858
7/7/2011,0.1858
7/6/2011,0.1853
7/5/2011,0.1851
7/1/2011,0.1851
6/30/2011,0.1856
6/29/2011,0.1856
6/28/2011,0.1856
6/27/2011,0.1856
6/24/2011,0.1856
6/23/2011,0.1858
6/22/2011,0.1858
6/21/2011,0.1858
6/20/2011,0.1858
6/17/2011,0.1858
6/16/2011,0.1858
6/15/2011,0.1853
6/14/2011,0.1856
6/13/2011,0.1871
6/10/2011,0.1886
6/9/2011,0.1896
6/8/2011,0.1896
6/7/2011,0.1896
6/6/2011,0.1896
6/3/2011,0.1898
6/2/2011,0.1902
6/1/2011,0.1904
5/31/2011,0.1904
5/27/2011,0.191
5/26/2011,0.1913
5/25/2011,0.1924
5/24/2011,0.1927
5/23/2011,0.194
5/20/2011,0.1948
5/19/2011,0.1953
5/18/2011,0.1958
5/17/2011,0.197
5/16/2011,0.197
5/13/2011,0.1971
5/12/2011,0.198
5/11/2011,0.1988
5/10/2011,0.2003
5/9/2011,0.2019
5/6/2011,0.2039
5/5/2011,0.2062
5/4/2011,0.209
5/3/2011,0.2095
4/28/2011,0.2103
4/27/2011,0.2105
4/26/2011,0.2114
4/21/2011,0.2126
4/20/2011,0.2126
4/19/2011,0.2126
4/18/2011,0.213
4/15/2011,0.2138
4/14/2011,0.2159
4/13/2011,0.2188
4/12/2011,0.2211
4/11/2011,0.2238
4/8/2011,0.2265
4/7/2011,0.2314
4/6/2011,0.2335
4/5/2011,0.2355
4/4/2011,0.2399
4/1/2011,0.243
3/31/2011,0.2435
3/30/2011,0.2438
3/29/2011,0.2462
3/28/2011,0.2477
3/25/2011,0.2483
3/24/2011,0.2483
3/23/2011,0.2495
3/22/2011,0.252
3/21/2011,0.2525
3/18/2011,0.2535
3/17/2011,0.2535
3/16/2011,0.2535
3/15/2011,0.2535
3/14/2011,0.2535
3/11/2011,0.255
3/10/2011,0.2555
3/9/2011,0.258
3/8/2011,0.258
3/7/2011,0.259
3/4/2011,0.26
3/3/2011,0.26
3/2/2011,0.26
3/1/2011,0.261
2/28/2011,0.261
2/25/2011,0.261
2/24/2011,0.2615
2/23/2011,0.2615
2/22/2011,0.2615
2/21/2011,0.262
2/18/2011,0.262
2/17/2011,0.263
2/16/2011,0.263
2/15/2011,0.264
2/14/2011,0.2648
2/11/2011,0.2658
2/10/2011,0.264
2/9/2011,0.264
2/8/2011,0.264
2/7/2011,0.2638
2/4/2011,0.2628
2/3/2011,0.263
2/2/2011,0.263
2/1/2011,0.263
1/31/2011,0.26
1/28/2011,0.26
1/27/2011,0.26
1/26/2011,0.26
1/25/2011,0.26
1/24/2011,0.26
1/21/2011,0.26
1/20/2011,0.26
1/19/2011,0.26
1/18/2011,0.2606
1/17/2011,0.2613
1/14/2011,0.2613
1/13/2011,0.2613
1/11/2011,0.2613
1/10/2011,0.2613
1/7/2011,0.2613
1/6/2011,0.2613
1/5/2011,0.2613
1/4/2011,0.2606
12/31/2010,0.2606
12/30/2010,0.2606
12/29/2010,0.2606
12/24/2010,0.2606
12/23/2010,0.2606
12/22/2010,0.2606
12/21/2010,0.2606
12/20/2010,0.2606
12/17/2010,0.2606
12/16/2010,0.2606
12/15/2010,0.2606
12/14/2010,0.2606
12/13/2010,0.2603
12/10/2010,0.2603
12/9/2010,0.2622
12/8/2010,0.2625
12/7/2010,0.2638
12/6/2010,0.265
12/3/2010,0.265
12/2/2010,0.2656
12/1/2010,0.2653
11/30/2010,0.2606
11/29/2010,0.2575
11/26/2010,0.2563
11/25/2010,0.255
11/24/2010,0.2534
11/23/2010,0.2534
11/22/2010,0.2534
11/19/2010,0.2534
11/18/2010,0.2534
11/17/2010,0.2534
11/16/2010,0.2534
11/15/2010,0.2534
11/12/2010,0.2534
11/10/2010,0.2534
11/9/2010,0.2534
11/8/2010,0.2534
11/5/2010,0.2534
11/4/2010,0.2534
11/3/2010,0.2538
11/2/2010,0.2538
11/1/2010,0.2538
10/29/2010,0.2538
10/28/2010,0.2541
10/27/2010,0.2553
10/26/2010,0.2553
10/25/2010,0.2563
10/22/2010,0.2563
10/21/2010,0.2563
10/20/2010,0.2563
10/19/2010,0.2563
10/18/2010,0.2563
10/15/2010,0.2563
10/14/2010,0.2563
10/13/2010,0.2563
10/12/2010,0.2563
10/11/2010,0.2563
10/8/2010,0.2563
10/7/2010,0.2563
10/6/2010,0.2569
10/5/2010,0.2569
10/4/2010,0.2569
10/1/2010,0.2569
9/30/2010,0.2563
9/29/2010,0.2563
9/28/2010,0.2563
9/27/2010,0.2563
9/24/2010,0.2563
9/23/2010,0.2563
9/22/2010,0.2563
9/21/2010,0.2563
9/20/2010,0.2563
9/17/2010,0.2575
9/16/2010,0.2573
9/15/2010,0.2573
9/14/2010,0.2573
9/13/2010,0.2573
9/10/2010,0.2573
9/9/2010,0.2573
9/8/2010,0.2573
9/7/2010,0.2577
9/6/2010,0.2577
9/3/2010,0.2578
9/2/2010,0.2578
9/1/2010,0.2578
8/31/2010,0.2578
8/30/2010,0.2594
8/27/2010,0.2594
8/26/2010,0.2603
8/25/2010,0.2616
8/24/2010,0.2616
8/23/2010,0.2638
8/20/2010,0.2644
8/19/2010,0.2647
8/18/2010,0.2663
8/17/2010,0.2666
8/16/2010,0.2694
8/13/2010,0.2719
8/12/2010,0.2759
8/11/2010,0.2794
8/10/2010,0.2856
8/9/2010,0.29
8/6/2010,0.2934
8/5/2010,0.2947
8/4/2010,0.2953
8/3/2010,0.3
8/2/2010,0.3028
7/30/2010,0.305
7/29/2010,0.3116
7/28/2010,0.3156
7/27/2010,0.3206
7/26/2010,0.325
7/23/2010,0.3269
7/22/2010,0.3288
7/21/2010,0.3306
7/20/2010,0.3325
7/19/2010,0.3369
7/16/2010,0.3381
7/15/2010,0.3406
7/14/2010,0.3409
7/13/2010,0.3409
7/12/2010,0.3409
7/9/2010,0.3409
7/8/2010,0.3425
7/7/2010,0.345
7/6/2010,0.3463
7/5/2010,0.3463
7/2/2010,0.3475
7/1/2010,0.3472
6/30/2010,0.3484
6/29/2010,0.3456
6/28/2010,0.3472
6/25/2010,0.3472
6/24/2010,0.3472
6/23/2010,0.3472
6/22/2010,0.3472
6/21/2010,0.3472
6/18/2010,0.3473
6/17/2010,0.3475
6/16/2010,0.3484
6/15/2010,0.3497
6/14/2010,0.3497
6/11/2010,0.3497
6/10/2010,0.3497
6/9/2010,0.3503
6/8/2010,0.35
6/7/2010,0.35
6/4/2010,0.35
6/3/2010,0.3509
6/2/2010,0.3509
6/1/2010,0.3509
5/31/2010,0.3513
5/28/2010,0.3513
5/27/2010,0.3538
5/26/2010,0.3541
5/25/2010,0.354
5/24/2010,0.3453
5/21/2010,0.3428
5/20/2010,0.3413
5/19/2010,0.3411
5/18/2010,0.3397
5/17/2010,0.3389
5/14/2010,0.3378
5/13/2010,0.3369
5/12/2010,0.3381
5/11/2010,0.3375
5/10/2010,0.34
5/7/2010,0.3488
5/6/2010,0.2971
5/5/2010,0.2909
5/4/2010,0.2847
5/3/2010,0.28
4/30/2010,0.28
4/29/2010,0.2777
4/28/2010,0.2731
4/27/2010,0.2667
4/26/2010,0.2647
4/23/2010,0.2644
4/22/2010,0.2606
4/21/2010,0.2606
4/20/2010,0.2588
4/19/2010,0.2575
4/16/2010,0.2556
4/15/2010,0.2563
4/14/2010,0.2559
4/13/2010,0.2544
4/12/2010,0.253
4/9/2010,0.2529
4/8/2010,0.2501
4/7/2010,0.2514
4/6/2010,0.2508
4/5/2010,0.2486
4/2/2010,0.2486
4/1/2010,0.2486
3/31/2010,0.2486
3/30/2010,0.2486
3/29/2010,0.2479
3/26/2010,0.2469
3/25/2010,0.2469
3/24/2010,0.2462
3/23/2010,0.2461
3/22/2010,0.2472
3/19/2010,0.2451
3/18/2010,0.2397
3/17/2010,0.2374
3/16/2010,0.2356
3/15/2010,0.2303
3/12/2010,0.23
3/11/2010,0.23
3/10/2010,0.23
3/9/2010,0.23
3/8/2010,0.23
3/5/2010,0.2281
3/4/2010,0.2281
3/3/2010,0.2281
3/2/2010,0.2281
3/1/2010,0.2281
2/26/2010,0.2288
2/25/2010,0.2288
2/24/2010,0.2288
2/23/2010,0.2288
2/22/2010,0.2288
2/19/2010,0.2288
2/18/2010,0.2288
2/17/2010,0.2288
2/16/2010,0.2306
2/15/2010,0.2306
2/12/2010,0.2306
2/11/2010,0.2306
2/10/2010,0.2284
2/9/2010,0.2284
2/8/2010,0.2284
2/5/2010,0.2284
2/4/2010,0.2284
2/3/2010,0.2291
2/2/2010,0.2309
2/1/2010,0.2291
1/29/2010,0.2291
1/28/2010,0.2288
1/27/2010,0.2306
1/26/2010,0.2306
1/25/2010,0.2306
1/22/2010,0.2306
1/21/2010,0.2306
1/20/2010,0.2306
1/19/2010,0.2306
1/18/2010,0.2306
1/15/2010,0.2331
1/14/2010,0.2331
1/13/2010,0.2331
1/12/2010,0.2331
1/11/2010,0.2331
1/8/2010,0.2331
1/7/2010,0.2313
1/6/2010,0.2322
1/5/2010,0.2334
1/4/2010,0.2334
1/1/2010,0.2309
12/31/2009,0.2309
12/30/2009,0.2309
12/29/2009,0.2309
12/28/2009,0.2313
12/25/2009,0.2313
12/24/2009,0.2313
12/23/2009,0.2313
12/22/2009,0.2319
12/21/2009,0.2319
12/18/2009,0.2319
12/17/2009,0.2331
12/16/2009,0.2325
12/15/2009,0.2325
12/14/2009,0.2325
12/11/2009,0.2331
12/10/2009,0.2341
12/9/2009,0.2341
12/8/2009,0.2347
12/7/2009,0.2347
12/4/2009,0.2347
12/3/2009,0.2347
12/2/2009,0.2344
12/1/2009,0.2347
11/30/2009,0.2353
11/27/2009,0.2353
11/26/2009,0.2341
11/25/2009,0.2341
11/24/2009,0.2359
11/23/2009,0.2359
11/20/2009,0.2359
11/19/2009,0.2366
11/18/2009,0.2366
11/17/2009,0.2369
11/16/2009,0.2375
11/13/2009,0.2375
11/12/2009,0.2388
11/11/2009,0.2388
11/10/2009,0.2388
11/9/2009,0.2391
11/6/2009,0.2416
11/5/2009,0.2416
11/4/2009,0.2416
11/3/2009,0.2416
11/2/2009,0.2413
10/30/2009,0.2435
10/29/2009,0.2435
10/28/2009,0.2429
10/27/2009,0.2435
10/26/2009,0.2438
10/23/2009,0.2438
10/22/2009,0.2438
10/21/2009,0.2438
10/20/2009,0.245
10/19/2009,0.245
10/16/2009,0.245
10/15/2009,0.245
10/14/2009,0.245
10/13/2009,0.245
10/12/2009,0.2444
10/9/2009,0.245
10/8/2009,0.2444
10/7/2009,0.2444
10/6/2009,0.2444
10/5/2009,0.2444
10/2/2009,0.2444
10/1/2009,0.2456
9/30/2009,0.2456
9/29/2009,0.2463
9/28/2009,0.2463
9/25/2009,0.2463
9/24/2009,0.2463
9/23/2009,0.2463
9/22/2009,0.2463
9/21/2009,0.2463
9/18/2009,0.2463
9/17/2009,0.2463
9/16/2009,0.2438
9/15/2009,0.2425
9/14/2009,0.2413
9/11/2009,0.2434
9/10/2009,0.2438
9/9/2009,0.2459
9/8/2009,0.2494
9/7/2009,0.2513
9/4/2009,0.2538
9/3/2009,0.2531
9/2/2009,0.2544
9/1/2009,0.2563
8/31/2009,0.2588
8/28/2009,0.2588
8/27/2009,0.2613
8/26/2009,0.2606
8/25/2009,0.2628
8/24/2009,0.2644
8/21/2009,0.2656
8/20/2009,0.2675
8/19/2009,0.2688
8/18/2009,0.2725
8/17/2009,0.2788
8/14/2009,0.2725
8/13/2009,0.2728
8/12/2009,0.2741
8/11/2009,0.2745
8/10/2009,0.275
8/7/2009,0.2756
8/6/2009,0.2756
8/5/2009,0.2756
8/4/2009,0.2756
8/3/2009,0.2756
7/31/2009,0.2794
7/30/2009,0.2806
7/29/2009,0.285
7/28/2009,0.285
7/27/2009,0.2875
7/24/2009,0.285
7/23/2009,0.285
7/22/2009,0.285
7/21/2009,0.285
7/20/2009,0.2863
7/17/2009,0.2863
7/16/2009,0.2888
7/15/2009,0.2875
7/14/2009,0.2875
7/13/2009,0.2881
7/10/2009,0.2925
7/9/2009,0.2963
7/8/2009,0.3
7/7/2009,0.3019
7/6/2009,0.3013
7/3/2009,0.3013
7/2/2009,0.3044
7/1/2009,0.3063
6/30/2009,0.3088
6/29/2009,0.3088
6/26/2009,0.31
6/25/2009,0.3075
6/24/2009,0.3113
6/23/2009,0.3138
6/22/2009,0.315
6/19/2009,0.3169
6/18/2009,0.315
6/17/2009,0.3131
6/16/2009,0.3181
6/15/2009,0.3188
6/12/2009,0.3181
6/11/2009,0.3194
6/10/2009,0.3206
6/9/2009,0.3213
6/8/2009,0.3231
6/5/2009,0.3206
6/4/2009,0.3175
6/3/2009,0.3188
6/2/2009,0.32
6/1/2009,0.32
5/29/2009,0.3163
5/28/2009,0.3163
5/27/2009,0.3163
5/26/2009,0.3163
5/25/2009,1.2017
5/22/2009,0.3131
5/21/2009,0.3088
5/20/2009,0.3081
5/19/2009,0.3094
5/18/2009,0.3163
5/15/2009,0.3281
5/14/2009,0.335
5/13/2009,0.3444
5/12/2009,0.3488
5/11/2009,0.3538
5/8/2009,0.3675
5/7/2009,0.3819
5/6/2009,0.395
5/5/2009,0.4013
5/4/2009,0.4144
5/1/2009,0.4144
4/30/2009,0.4181
4/29/2009,0.4181
4/28/2009,0.4275
4/27/2009,0.4325
4/24/2009,0.435
4/23/2009,0.4375
4/22/2009,0.44
4/21/2009,0.4413
4/20/2009,0.4425
4/17/2009,0.4475
4/16/2009,0.4469
4/15/2009,0.4481
4/14/2009,0.4525
4/13/2009,0.4513
4/10/2009,0.4513
4/9/2009,0.4513
4/8/2009,0.46
4/7/2009,0.4694
4/6/2009,0.4756
4/3/2009,0.4894
4/2/2009,0.4894
4/1/2009,0.495
3/31/2009,0.5006
3/30/2009,0.5088
3/27/2009,0.5181
3/26/2009,0.5225
3/25/2009,0.52
3/24/2009,0.5209
3/23/2009,0.5219
3/20/2009,0.5219
3/19/2009,0.5231
3/18/2009,0.545
3/17/2009,0.5563
3/16/2009,0.5556
3/13/2009,0.5556
3/12/2009,0.5563
3/11/2009,0.5569
3/10/2009,0.5644
3/9/2009,0.5644
3/6/2009,0.5463
3/5/2009,0.5331
3/4/2009,0.5181
3/3/2009,0.5075
3/2/2009,0.4975
2/27/2009,0.4963
2/26/2009,0.4969
2/25/2009,0.4788
2/24/2009,0.4769
2/23/2009,0.4738
2/20/2009,0.4725
2/19/2009,0.4731
2/18/2009,0.47
2/17/2009,0.4663
2/16/2009,0.465
2/13/2009,0.4613
2/12/2009,0.455
2/11/2009,0.4525
2/10/2009,0.4469
2/9/2009,0.4469
2/6/2009,0.4488
2/5/2009,0.4475
2/4/2009,0.445
2/3/2009,0.445
2/2/2009,0.4375
1/30/2009,0.4194
1/29/2009,0.4125
1/28/2009,0.4094
1/27/2009,0.4112
1/26/2009,0.4088
1/23/2009,0.4012
1/22/2009,0.3894
1/21/2009,0.3563
1/20/2009,0.3525
1/19/2009,0.355
1/16/2009,0.3594
1/15/2009,0.3338
1/14/2009,0.3288
1/13/2009,0.3331
1/12/2009,0.3425
1/9/2009,0.3663
1/8/2009,0.3863
1/7/2009,0.4063
1/6/2009,0.4206
1/5/2009,0.4288
1/2/2009,0.43
1/1/2009,0.4475
12/31/2008,0.4475
12/30/2008,0.4475
12/29/2008,0.4613
12/26/2008,0.4713
12/25/2008,0.4713
12/24/2008,0.4713
12/23/2008,0.4713
12/22/2008,0.4613
12/19/2008,0.4738
12/18/2008,0.5075
12/17/2008,0.5813
12/16/2008,0.8838
12/15/2008,0.9613
12/12/2008,1.04
12/11/2008,1.195
12/10/2008,1.4388
12/9/2008,1.635
12/8/2008,1.825
12/5/2008,1.8675
12/4/2008,1.8763
12/3/2008,1.89
12/2/2008,1.8988
12/1/2008,1.9113
11/28/2008,1.9013
11/27/2008,1.9
11/26/2008,1.4313
11/25/2008,1.4363
11/24/2008,1.4112
11/21/2008,1.395
11/20/2008,1.3988
11/19/2008,1.4138
11/18/2008,1.4525
11/17/2008,1.4737
11/14/2008,1.4775
11/13/2008,1.4225
11/12/2008,1.4088
11/11/2008,1.4775
11/10/2008,1.5388
11/7/2008,1.6225
11/6/2008,1.7675
11/5/2008,1.9563
11/4/2008,2.1775
11/3/2008,2.3575
10/31/2008,2.5813
10/30/2008,2.85
10/29/2008,3.1175
10/28/2008,3.1713
10/27/2008,3.2188
10/24/2008,3.24
10/23/2008,3.2588
10/22/2008,3.275
10/21/2008,3.5275
10/20/2008,3.7513
10/17/2008,4.1813
10/16/2008,4.2775
10/15/2008,4.3588
10/14/2008,4.4688
10/13/2008,4.56
10/10/2008,4.5875
10/9/2008,4.5125
10/8/2008,4.2938
10/7/2008,4.14
10/6/2008,4.0925
10/3/2008,4.11
10/2/2008,4.045
10/1/2008,4.0025
9/30/2008,3.9262
9/29/2008,3.72
9/26/2008,3.7038
9/25/2008,3.7088
9/24/2008,3.4288
9/23/2008,3.2069
9/22/2008,3.1763
9/19/2008,3.19
9/18/2008,3.1875
9/17/2008,3.03
9/16/2008,2.7475
9/15/2008,2.4969
9/12/2008,2.4638
9/11/2008,2.4875
9/10/2008,2.4869
9/9/2008,2.4888
9/8/2008,2.4881
9/5/2008,2.4869
9/4/2008,2.4869
9/3/2008,2.4875
9/2/2008,2.4856
9/1/2008,2.4856
8/29/2008,2.4856
8/28/2008,2.4863
8/27/2008,2.4688
8/26/2008,2.47
8/25/2008,2.4719
8/22/2008,2.4719
8/21/2008,2.4719
8/20/2008,2.4719
8/19/2008,2.4713
8/18/2008,2.4706
8/15/2008,2.4656
8/14/2008,2.4656
8/13/2008,2.4669
8/12/2008,2.4638
8/11/2008,2.4638
8/8/2008,2.4606
8/7/2008,2.4631
8/6/2008,2.4619
8/5/2008,2.4625
8/4/2008,2.4613
8/1/2008,2.46
7/31/2008,2.4613
7/30/2008,2.4638
7/29/2008,2.4631
7/28/2008,2.4625
7/25/2008,2.4575
7/24/2008,2.46
7/23/2008,2.4613
7/22/2008,2.4619
7/21/2008,2.4606
7/18/2008,2.4594
7/17/2008,2.4581
7/16/2008,2.4563
7/15/2008,2.4581
7/14/2008,2.46
7/11/2008,2.4575
7/10/2008,2.4563
7/9/2008,2.4588
7/8/2008,2.4588
7/7/2008,2.4613
7/4/2008,2.4613
7/3/2008,2.46
7/2/2008,2.4625
7/1/2008,2.4613
6/30/2008,2.4625
6/27/2008,2.4706
6/26/2008,2.4825
6/25/2008,2.4825
6/24/2008,2.4819
6/23/2008,2.4825
6/20/2008,2.4813
6/19/2008,2.4813
6/18/2008,2.4819
6/17/2008,2.4825
6/16/2008,2.4813
6/13/2008,2.4819
6/12/2008,2.4713
6/11/2008,2.4769
6/10/2008,2.475
6/9/2008,2.4481
6/6/2008,2.4481
6/5/2008,2.4481
6/4/2008,2.45
6/3/2008,2.4513
6/2/2008,2.4556
5/30/2008,2.4575
5/29/2008,2.4594
5/28/2008,2.3813
5/27/2008,2.3788
5/26/2008,2.3825
5/23/2008,2.3825
5/22/2008,2.3925
5/21/2008,2.4044
5/20/2008,2.43
5/19/2008,2.4513
5/16/2008,2.4788
5/15/2008,2.4975
5/14/2008,2.505
5/13/2008,2.5144
5/12/2008,2.5294
5/9/2008,2.55
5/8/2008,2.59
5/7/2008,2.6213
5/6/2008,2.6738
5/5/2008,2.6975
5/2/2008,2.6975
5/1/2008,2.7238
4/30/2008,2.8025
4/29/2008,2.8275
4/28/2008,2.8625
4/25/2008,2.8813
4/24/2008,2.8863
4/23/2008,2.895
4/22/2008,2.895
4/21/2008,2.8975
4/18/2008,2.8738
4/17/2008,2.8
4/16/2008,2.7322
4/15/2008,2.7163
4/14/2008,2.7131
4/11/2008,2.7159
4/10/2008,2.7175
4/9/2008,2.7269
4/8/2008,2.7216
4/7/2008,2.7244
4/4/2008,2.7388
4/3/2008,2.7413
4/2/2008,2.71
4/1/2008,2.7
3/31/2008,2.7031
3/28/2008,2.7088
3/27/2008,2.7038
3/26/2008,2.6775
3/25/2008,2.6538
3/24/2008,2.6063
3/21/2008,2.6063
3/20/2008,2.6063
3/19/2008,2.5988
3/18/2008,2.5356
3/17/2008,2.5588
3/14/2008,2.775
3/13/2008,2.8175
3/12/2008,2.8613
3/11/2008,2.89
3/10/2008,2.935
3/7/2008,3
3/6/2008,3.0581
3/5/2008,3.075
3/4/2008,3.08
3/3/2008,3.0863
2/29/2008,3.1106
2/28/2008,3.1194
2/27/2008,3.1219
2/26/2008,3.125
2/25/2008,3.1238
2/22/2008,3.12
2/21/2008,3.135
2/20/2008,3.1175
2/19/2008,3.1106
2/18/2008,3.1138
2/15/2008,3.1188
2/14/2008,3.1163
2/13/2008,3.1275
2/12/2008,3.1275
2/11/2008,3.1388
2/8/2008,3.1538
2/7/2008,3.165
2/6/2008,3.1925
2/5/2008,3.2181
2/4/2008,3.1813
2/1/2008,3.1413
1/31/2008,3.1438
1/30/2008,3.2713
1/29/2008,3.2713
1/28/2008,3.2813
1/25/2008,3.3125
1/24/2008,3.285
1/23/2008,3.3763
1/22/2008,3.7738
1/21/2008,3.9025
1/18/2008,3.9344
1/17/2008,3.9588
1/16/2008,3.9894
1/15/2008,4.0225
1/14/2008,4.0813
1/13/2008,3.1213
1/11/2008,4.2363
1/10/2008,4.3194
1/9/2008,4.3706
1/8/2008,4.4113
1/7/2008,4.4413
1/4/2008,4.515
1/3/2008,4.54
1/2/2008,4.57
1/1/2008,4.6
12/31/2007,4.6
12/28/2007,4.845
12/27/2007,4.845
12/26/2007,4.855
12/25/2007,4.855
12/24/2007,4.855
12/21/2007,4.865
12/20/2007,4.8963
12/19/2007,4.9319
12/18/2007,4.9488
12/17/2007,4.965
12/14/2007,4.9963
12/13/2007,5.0275
12/12/2007,5.1025
12/11/2007,5.2038
12/10/2007,5.2319
12/7/2007,5.2375
12/6/2007,5.2425
12/5/2007,5.25
12/4/2007,5.2519
12/3/2007,5.2456
11/30/2007,5.2363
11/29/2007,5.225
11/28/2007,4.8219
11/27/2007,4.8088
11/26/2007,4.8
11/23/2007,4.7931
11/22/2007,4.7888
11/21/2007,4.7831
11/20/2007,4.78
11/19/2007,4.7675
11/16/2007,4.74
11/15/2007,4.6863
11/14/2007,4.6581
11/13/2007,4.6519
11/12/2007,4.6531
11/9/2007,4.6594
11/8/2007,4.66
11/7/2007,4.665
11/6/2007,4.6669
11/5/2007,4.6675
11/2/2007,4.6775
11/1/2007,4.6875
10/31/2007,4.7063
10/30/2007,4.7163
10/29/2007,4.7525
10/26/2007,4.7925
10/25/2007,4.8188
10/24/2007,4.8563
10/23/2007,4.8725
10/22/2007,4.8925
10/19/2007,4.95
10/18/2007,4.9975
10/17/2007,5.0213
10/16/2007,5.035
10/15/2007,5.045
10/12/2007,5.06
10/11/2007,5.0913
10/10/2007,5.11
10/9/2007,5.1163
10/8/2007,5.12
10/5/2007,5.1219
10/4/2007,5.125
10/3/2007,5.125
10/2/2007,5.1262
10/1/2007,5.1206
9/28/2007,5.1238
9/27/2007,5.1275
9/26/2007,5.1288
9/25/2007,5.1288
9/24/2007,5.1288
9/21/2007,5.1313
9/20/2007,5.1363
9/19/2007,5.1488
9/18/2007,5.4963
9/17/2007,5.6138
9/14/2007,5.6138
9/13/2007,5.7525
9/12/2007,5.8
9/11/2007,5.8031
9/10/2007,5.8063
9/7/2007,5.8238
9/6/2007,5.82
9/5/2007,5.8188
9/4/2007,5.7975
9/3/2007,5.765
8/31/2007,5.72
8/30/2007,5.665
8/29/2007,5.565
8/28/2007,5.5075
8/27/2007,5.5025
8/24/2007,5.5025
8/23/2007,5.505
8/22/2007,5.5
8/21/2007,5.5
8/20/2007,5.5013
8/17/2007,5.51
8/16/2007,5.5375
8/15/2007,5.5694
8/14/2007,5.5888
8/13/2007,5.6113
8/10/2007,5.6188
8/9/2007,5.5413
8/8/2007,5.35
8/7/2007,5.33
8/6/2007,5.33
8/3/2007,5.33
8/2/2007,5.33
8/1/2007,5.3275
7/31/2007,5.32
7/30/2007,5.32
7/27/2007,5.32
7/26/2007,5.32
7/25/2007,5.32
7/24/2007,5.32
7/23/2007,5.32
7/20/2007,5.32
7/19/2007,5.32
7/18/2007,5.32
7/17/2007,5.32
7/16/2007,5.32
7/13/2007,5.32
7/12/2007,5.32
7/11/2007,5.32
7/10/2007,5.32
7/9/2007,5.32
7/6/2007,5.32
7/5/2007,5.32
7/4/2007,5.32
7/3/2007,5.32
7/2/2007,5.32
6/29/2007,5.32
6/28/2007,5.32
6/27/2007,5.32
6/26/2007,5.32
6/25/2007,5.32
6/22/2007,5.32
6/21/2007,5.32
6/20/2007,5.32
6/19/2007,5.32
6/18/2007,5.32
6/15/2007,5.32
6/14/2007,5.32
6/13/2007,5.32
6/12/2007,5.32
6/11/2007,5.32
6/8/2007,5.32
6/7/2007,5.32
6/6/2007,5.32
6/5/2007,5.32
6/4/2007,5.32
6/1/2007,5.32
5/31/2007,5.32
5/30/2007,5.32
5/29/2007,5.32
5/28/2007,5.32
5/25/2007,5.32
5/24/2007,5.32
5/23/2007,5.32
5/22/2007,5.32
5/21/2007,5.32
5/18/2007,5.32
5/17/2007,5.32
5/16/2007,5.32
5/15/2007,5.32
5/14/2007,5.32
5/11/2007,5.32
5/10/2007,5.32
5/9/2007,5.32
5/8/2007,5.32
5/4/2007,5.32
5/3/2007,5.32
5/2/2007,5.32
5/1/2007,5.32
4/30/2007,5.32
4/27/2007,5.32
4/26/2007,5.32
4/25/2007,5.32
4/24/2007,5.32
4/23/2007,5.32
4/20/2007,5.32
4/19/2007,5.32
4/18/2007,5.32
4/17/2007,5.32
4/16/2007,5.32
4/13/2007,5.32
4/12/2007,5.32
4/11/2007,5.32
4/10/2007,5.32
4/9/2007,5.32
4/6/2007,5.32
4/5/2007,5.32
4/4/2007,5.32
4/3/2007,5.32
4/2/2007,5.32
3/30/2007,5.32
3/29/2007,5.32
3/28/2007,5.32
3/27/2007,5.32
3/26/2007,5.32
3/23/2007,5.32
3/22/2007,5.32
3/21/2007,5.32
3/20/2007,5.32
3/19/2007,5.32
3/16/2007,5.32
3/15/2007,5.32
3/14/2007,5.32
3/13/2007,5.32
3/12/2007,5.32
3/9/2007,5.32
3/8/2007,5.32
3/7/2007,5.32
3/6/2007,5.32
3/5/2007,5.3191
3/2/2007,5.32
3/1/2007,5.32
2/28/2007,5.32
2/27/2007,5.32
2/26/2007,5.32
2/23/2007,5.32
2/22/2007,5.32
2/21/2007,5.32
2/20/2007,5.32
2/19/2007,5.32
2/16/2007,5.32
2/15/2007,5.32
2/14/2007,5.32
2/13/2007,5.32
2/12/2007,5.32
2/9/2007,5.32
2/8/2007,5.32
2/7/2007,5.32
2/6/2007,5.32
2/5/2007,5.32
2/2/2007,5.32
2/1/2007,5.32
1/31/2007,5.32
1/30/2007,5.32
1/29/2007,5.32
1/26/2007,5.32
1/25/2007,5.32
1/24/2007,5.32
1/23/2007,5.32
1/22/2007,5.32
1/19/2007,5.32
1/18/2007,5.32
1/17/2007,5.32
1/16/2007,5.32
1/15/2007,5.32
1/12/2007,5.32
1/11/2007,5.32
1/10/2007,5.32
1/9/2007,5.32
1/8/2007,5.32
1/5/2007,5.32
1/4/2007,5.32
1/3/2007,5.32
1/2/2007,5.3256
1/1/2007,5.3256
12/29/2006,5.3256
12/28/2006,5.3256
12/27/2006,5.35
12/26/2006,5.35
12/25/2006,5.35
12/22/2006,5.35
12/21/2006,5.35
12/20/2006,5.35
12/19/2006,5.35
12/18/2006,5.35
12/15/2006,5.35
12/14/2006,5.35
12/13/2006,5.35
12/12/2006,5.35
12/11/2006,5.35
12/8/2006,5.35
12/7/2006,5.35
12/6/2006,5.35
12/5/2006,5.35
12/4/2006,5.35
12/1/2006,5.35
11/30/2006,5.3494
11/29/2006,5.3494
11/28/2006,5.32
11/27/2006,5.32
11/24/2006,5.32
11/23/2006,5.32
11/22/2006,5.32
11/21/2006,5.32
11/20/2006,5.32
11/17/2006,5.32
11/16/2006,5.32
11/15/2006,5.32
11/14/2006,5.32
11/13/2006,5.32
11/10/2006,5.32
11/9/2006,5.32
11/8/2006,5.32
11/7/2006,5.32
11/6/2006,5.32
11/3/2006,5.32
11/2/2006,5.32
11/1/2006,5.32
10/31/2006,5.32
10/30/2006,5.32
10/27/2006,5.32
10/26/2006,5.32
10/25/2006,5.32
10/24/2006,5.32
10/23/2006,5.32
10/20/2006,5.32
10/19/2006,5.32
10/18/2006,5.32
10/17/2006,5.32
10/16/2006,5.32
10/13/2006,5.32
10/12/2006,5.32
10/11/2006,5.32
10/10/2006,5.32
10/9/2006,5.32
10/6/2006,5.32
10/5/2006,5.32
10/4/2006,5.3225
10/3/2006,5.3225
10/2/2006,5.3225
9/29/2006,5.3225
9/28/2006,5.3225
9/27/2006,5.3244
9/26/2006,5.3238
9/25/2006,5.326
9/22/2006,5.3263
9/21/2006,5.33
9/20/2006,5.33
9/19/2006,5.33
9/18/2006,5.33
9/15/2006,5.33
9/14/2006,5.33
9/13/2006,5.33
9/12/2006,5.33
9/11/2006,5.33
9/8/2006,5.33
9/7/2006,5.33
9/6/2006,5.33
9/5/2006,5.33
9/4/2006,5.33
9/1/2006,5.33
8/31/2006,5.33
8/30/2006,5.33
8/29/2006,5.33
8/28/2006,5.33
8/25/2006,5.33
8/24/2006,5.3281
8/23/2006,5.3244
8/22/2006,5.3256
8/21/2006,5.3244
8/18/2006,5.3256
8/17/2006,5.325
8/16/2006,5.33
8/15/2006,5.33
8/14/2006,5.33
8/11/2006,5.33
8/10/2006,5.33
8/9/2006,5.33
8/8/2006,5.37
8/7/2006,5.3681
8/4/2006,5.42
8/3/2006,5.4063
8/2/2006,5.3956
8/1/2006,5.39
7/31/2006,5.3906
7/28/2006,5.4019
7/27/2006,5.4
7/26/2006,5.4
7/25/2006,5.3981
7/24/2006,5.3938
7/21/2006,5.385
7/20/2006,5.4
7/19/2006,5.3891
7/18/2006,5.3781
7/17/2006,5.37
7/14/2006,5.3688
7/13/2006,5.3688
7/12/2006,5.3588
7/11/2006,5.3569
7/10/2006,5.3556
7/7/2006,5.3494
7/6/2006,5.345
7/5/2006,5.3369
7/4/2006,5.3344
7/3/2006,5.3338
6/30/2006,5.3344
6/29/2006,5.3463
6/28/2006,5.35
6/27/2006,5.35
6/26/2006,5.3406
6/23/2006,5.335
6/22/2006,5.56
6/21/2006,5.3022
6/20/2006,5.2944
6/19/2006,5.2794
6/16/2006,5.2669
6/15/2006,5.2081
6/14/2006,5.2081
6/13/2006,5.1838
6/12/2006,5.1838
6/9/2006,5.1763
6/8/2006,5.17
6/7/2006,5.15
6/6/2006,5.1448
6/5/2006,5.13
6/2/2006,5.1375
6/1/2006,5.1294
5/31/2006,5.1106
5/30/2006,5.1091
5/29/2006,5.0925
5/26/2006,5.0925
5/25/2006,5.0906
5/24/2006,5.0813
5/23/2006,5.0813
5/22/2006,5.0806
5/19/2006,5.08
5/18/2006,5.0806
5/17/2006,5.08
5/16/2006,5.0806
5/15/2006,5.0806
5/12/2006,5.0806
5/11/2006,5.0806
5/10/2006,5.08
5/9/2006,5.08
5/8/2006,5.08
5/5/2006,5.0756
5/4/2006,5.0691
5/3/2006,5.0588
5/2/2006,5.0519
4/28/2006,5.04
4/27/2006,5.0225
4/26/2006,5
4/25/2006,4.9894
4/24/2006,4.97
4/21/2006,4.9594
4/20/2006,4.95
4/19/2006,4.9294
4/18/2006,4.9225
4/17/2006,4.91
4/14/2006,4.91
4/13/2006,4.91
4/12/2006,4.9013
4/11/2006,4.88
4/10/2006,4.86
4/7/2006,4.8519
4/6/2006,4.8488
4/5/2006,4.8375
4/4/2006,4.8375
4/3/2006,4.83
3/31/2006,4.8294
3/30/2006,4.8256
3/29/2006,4.8288
3/28/2006,4.8225
3/27/2006,4.8219
3/24/2006,4.8206
3/23/2006,4.8181
3/22/2006,4.8094
3/21/2006,4.8
3/20/2006,4.7938
3/17/2006,4.78
3/16/2006,4.7763
3/15/2006,4.7525
3/14/2006,4.7509
3/13/2006,4.7488
3/10/2006,4.74
3/9/2006,4.72
3/8/2006,4.6981
3/7/2006,4.6913
3/6/2006,4.69
3/3/2006,4.67
3/2/2006,4.6606
3/1/2006,4.64
2/28/2006,4.6331
2/27/2006,4.63
2/24/2006,4.605
2/23/2006,4.5806
2/22/2006,4.5713
2/21/2006,4.57
2/20/2006,4.57
2/17/2006,4.57
2/16/2006,4.57
2/15/2006,4.57
2/14/2006,4.57
2/13/2006,4.57
2/10/2006,4.57
2/9/2006,4.57
2/8/2006,4.57
2/7/2006,4.57
2/6/2006,4.57
2/3/2006,4.57
2/2/2006,4.5704
2/1/2006,4.5706
1/31/2006,4.57
1/30/2006,4.57
1/27/2006,4.5681
1/26/2006,4.56
1/25/2006,4.54
1/24/2006,4.5338
1/23/2006,4.53
1/20/2006,4.5194
1/19/2006,4.49
1/18/2006,4.49
1/17/2006,4.4831
1/16/2006,4.48
1/13/2006,4.44
1/12/2006,4.44
1/11/2006,4.44
1/10/2006,4.4369
1/9/2006,4.42
1/6/2006,4.4188
1/5/2006,4.4
1/4/2006,4.3975
1/3/2006,4.385
1/2/2006,4.385
12/31/2005,4.385
12/30/2005,4.385
12/29/2005,4.3888
12/28/2005,4.38
12/27/2005,4.38
12/26/2005,4.38
12/23/2005,4.3788
12/22/2005,4.37
12/21/2005,4.37
12/20/2005,4.37
12/19/2005,4.37
12/16/2005,4.37
12/15/2005,4.37
12/14/2005,4.3694
12/13/2005,4.3675
12/12/2005,4.3619
12/9/2005,4.36
12/8/2005,4.34
12/7/2005,4.3394
12/6/2005,4.3313
12/5/2005,4.32
12/2/2005,4.3113
12/1/2005,4.2938
11/30/2005,4.2906
11/29/2005,4.22
11/28/2005,4.21
11/25/2005,4.2
11/24/2005,4.1913
11/23/2005,4.1938
11/22/2005,4.17
11/21/2005,4.1656
11/18/2005,4.1594
11/17/2005,4.14
11/16/2005,4.14
11/15/2005,4.1213
11/14/2005,4.12
11/11/2005,4.115
11/10/2005,4.1138
11/9/2005,4.1
11/8/2005,4.09
11/7/2005,4.09
11/4/2005,4.09
11/3/2005,4.09
11/2/2005,4.09
11/1/2005,4.09
10/31/2005,4.0888
10/28/2005,4.0813
10/27/2005,4.07
10/26/2005,4.06
10/25/2005,4.0513
10/24/2005,4.0375
10/21/2005,4.0313
10/20/2005,4.0031
10/19/2005,4
10/18/2005,3.9969
10/17/2005,3.98
10/14/2005,3.97
10/13/2005,3.9456
10/12/2005,3.9413
10/11/2005,3.94
10/10/2005,3.94
10/9/2005,3.9354
10/8/2005,3.9354
10/7/2005,3.94
10/6/2005,3.9354
10/5/2005,3.89
10/4/2005,3.89
10/3/2005,3.88
9/30/2005,3.86
9/29/2005,3.8406
9/28/2005,3.84
9/27/2005,3.8375
9/26/2005,3.83
9/23/2005,3.83
9/22/2005,3.83
9/21/2005,3.8188
9/20/2005,3.8119
9/19/2005,3.7963
9/16/2005,3.7894
9/15/2005,3.7719
9/14/2005,3.7681
9/13/2005,3.75
9/12/2005,3.74
9/9/2005,3.7281
9/8/2005,3.7044
9/7/2005,3.7025
9/6/2005,3.6894
9/5/2005,3.68
9/2/2005,3.7163
9/1/2005,3.7
8/31/2005,3.6931
8/30/2005,3.67
8/29/2005,3.67
8/26/2005,3.6694
8/25/2005,3.6406
8/24/2005,3.6413
8/23/2005,3.64
8/22/2005,3.62
8/19/2005,3.6094
8/18/2005,3.59
8/17/2005,3.5881
8/16/2005,3.5825
8/15/2005,3.5725
8/12/2005,3.5713
8/11/2005,3.57
8/10/2005,3.5706
8/9/2005,3.57
8/8/2005,3.56
8/5/2005,3.5588
8/4/2005,3.55
8/3/2005,3.54
8/2/2005,3.5338
8/1/2005,3.5188
7/29/2005,3.51
7/28/2005,3.49
7/27/2005,3.4813
7/26/2005,3.48
7/25/2005,3.4638
7/22/2005,3.46
7/21/2005,3.4381
7/20/2005,3.4325
7/19/2005,3.43
7/18/2005,3.4169
7/15/2005,3.4088
7/14/2005,3.3881
7/13/2005,3.38
7/12/2005,3.38
7/11/2005,3.36
7/8/2005,3.35
7/7/2005,3.34
7/6/2005,3.34
7/5/2005,3.34
7/4/2005,3.34
7/1/2005,3.34
6/30/2005,3.34
6/29/2005,3.33
6/28/2005,3.3256
6/27/2005,3.32
6/24/2005,3.3144
6/23/2005,3.3
6/22/2005,3.3
6/21/2005,3.28
6/20/2005,3.27
6/17/2005,3.26
6/16/2005,3.24
6/15/2005,3.2363
6/14/2005,3.22
6/13/2005,3.2163
6/10/2005,3.21
6/9/2005,3.19
6/8/2005,3.1837
6/7/2005,3.17
6/6/2005,3.16
6/3/2005,3.15
6/2/2005,3.14
6/1/2005,3.13
5/31/2005,3.1113
5/30/2005,3.1113
5/27/2005,3.1006
5/26/2005,3.0906
5/25/2005,3.09
5/24/2005,3.09
5/23/2005,3.09
5/20/2005,3.09
5/19/2005,3.09
5/18/2005,3.09
5/17/2005,3.09
5/16/2005,3.09
5/13/2005,3.09
5/12/2005,3.09
5/11/2005,3.09
5/10/2005,3.09
5/9/2005,3.09
5/6/2005,3.09
5/5/2005,3.09
5/4/2005,3.09
5/3/2005,3.09
4/30/2005,3.0812
4/29/2005,3.0812
4/28/2005,3.0644
4/27/2005,3.06
4/26/2005,3.04
4/25/2005,3.03
4/22/2005,3.02
4/21/2005,3.0006
4/20/2005,3
4/19/2005,2.99
4/18/2005,2.98
4/15/2005,2.97
4/14/2005,2.9537
4/13/2005,2.95
4/12/2005,2.93
4/11/2005,2.92
4/8/2005,2.91
4/7/2005,2.8912
4/6/2005,2.89
4/5/2005,2.8706
4/4/2005,2.87
4/1/2005,2.87
3/31/2005,2.86
3/30/2005,2.86
3/29/2005,2.85
3/24/2005,2.85
3/23/2005,2.85
3/22/2005,2.85
3/21/2005,2.85
3/18/2005,2.85
3/17/2005,2.85
3/16/2005,2.8338
3/15/2005,2.83
3/14/2005,2.82
3/11/2005,2.81
3/10/2005,2.8
3/9/2005,2.7713
3/8/2005,2.77
3/7/2005,2.76
3/4/2005,2.75
3/3/2005,2.7456
3/2/2005,2.72
3/1/2005,2.72
2/28/2005,2.7162
2/25/2005,2.69
2/24/2005,2.67
2/23/2005,2.65
2/22/2005,2.62
2/21/2005,2.61
2/18/2005,2.5994
2/17/2005,2.5981
2/16/2005,2.59
2/15/2005,2.59
2/14/2005,2.59
2/11/2005,2.59
2/10/2005,2.59
2/9/2005,2.59
2/8/2005,2.59
2/7/2005,2.59
2/4/2005,2.59
2/3/2005,2.59
2/2/2005,2.59
2/1/2005,2.59
1/31/2005,2.59
1/28/2005,2.59
1/27/2005,2.5775
1/26/2005,2.5588
1/25/2005,2.55
1/24/2005,2.5444
1/21/2005,2.53
1/20/2005,2.52
1/19/2005,2.5038
1/18/2005,2.5
1/17/2005,2.5
1/14/2005,2.48
1/13/2005,2.48
1/12/2005,2.45
1/11/2005,2.4425
1/10/2005,2.44
1/7/2005,2.43
1/6/2005,2.42
1/5/2005,2.4
1/4/2005,2.4
